country,sector_bucket,year,r11_wm,r12_wm,r14_wm,r21_wm,r22_wm,r25_wm,r31_wm,r32_wm,r51_wm,r52_wm,r53_wm,nb_firms,death_rate,distress_label,gpr_global,gpr_global_lag1,sgpr,sgpr_lag1,crisis_2008,brexit_period,post_covid
AT,construction,2010,445.88687500000003,345.88687500000003,8.153125,12.818125,872.109375,29.380625000000002,35.4125,7.89375,24.2075,16.141875,9.395625,31442,8.24,0,84.17017555236816,83.1018575032552,0.6363041488608967,0.5987928271790346,0,0,0
AT,construction,2011,427.19125,327.19124999999997,8.63875,16.6675,853.42125,31.765625,36.525,7.60375,24.101875,15.499375,9.2725,33128,7.47,0,90.0953877766927,84.17017555236816,0.6795143020292745,0.6363041488608967,0,0,0
AT,construction,2012,387.52125,287.52125,8.50375,11.1375,837.74125,26.330625,36.480625,8.60375,27.338124999999998,14.415625,8.818125,35660,7.56,0,81.47523371378581,90.0953877766927,0.6253015484583254,0.6795143020292745,0,0,0
AT,construction,2013,374.445625,274.445625,7.763125,12.11875,930.563125,25.86,36.674375,8.879375,25.88875,13.824375,8.114375,37340,7.67,0,83.03660519917806,81.47523371378581,0.670008451458222,0.6253015484583254,0,0,0
AT,construction,2014,394.50124999999997,294.50125,8.063125,16.135,1009.231875,27.05875,37.651250000000005,8.81,30.010625,13.006875,8.365,37380,7.7,1,100.29158528645831,83.03660519917806,0.8475052869568268,0.670008451458222,0,0,0
AT,construction,2015,368.78499999999997,268.785,8.49875,17.418125,1107.493125,35.141875,37.015,8.39875,28.390625,12.891874999999999,7.7625,36782,7.4,0,105.95364507039388,100.29158528645831,0.8734492703558256,0.8475052869568268,0,0,0
AT,construction,2016,363.136875,263.136875,9.055625,18.610625,1285.88,21.61625,37.3225,9.598125,29.034375,12.40125,7.910625,38974,7.06,0,98.6786880493164,105.95364507039388,0.791875648982823,0.8734492703558256,0,1,0
AT,construction,2017,362.075,262.075,10.541875000000001,17.68375,1419.2125,17.155625,38.77375,10.67,33.09625,13.23375,8.311875,39740,6.74,0,107.37731170654295,98.6786880493164,0.84791637485226,0.791875648982823,0,1,0
AT,construction,2018,345.66375,245.66375,10.203125,14.823125,1516.270625,16.33,37.255625,9.535625,30.588124999999998,12.453125,7.9375,42458,6.35,0,98.5529073079427,107.37731170654295,0.9172852795571088,0.84791637485226,0,1,0
AT,construction,2019,351.85875,251.85875,10.158125,20.60875,1614.3975,22.20625,36.1075,8.180625,33.195,12.049375,7.74875,43520,6.32,0,90.94625282287598,98.5529073079427,0.8187635352959236,0.9172852795571088,0,1,0
AT,construction,2020,321.338125,221.338125,12.14125,20.0275,1530.3125,20.230625,37.488749999999996,9.07,31.726875,11.998750000000001,7.209375,45786,5.71,0,77.29380416870117,90.94625282287598,0.6530395732199152,0.8187635352959236,0,0,1
AT,manufacturing,2010,307.367027027027,207.36702702702704,9.760675675675675,6.711756756756757,1281.3560810810811,13.414864864864866,33.16945945945946,9.192702702702702,16.794999999999998,10.584189189189189,6.762162162162162,24841,4.98,0,84.17017555236816,83.1018575032552,0.8239942978074152,0.8144665918250878,0,0,0
AT,manufacturing,2011,299.5130136986302,199.51301369863015,8.616575342465753,5.987671232876712,1112.9846575342467,13.554109589041097,32.81123287671233,9.202739726027396,17.143698630136985,10.546986301369865,6.9626027397260275,24947,4.885,0,90.0953877766927,84.17017555236816,0.8510926116482974,0.8239942978074152,0,0,0
AT,manufacturing,2012,289.53,189.53,8.475277777777778,8.799027777777777,1074.5497222222223,16.46055555555556,32.52861111111111,7.682083333333334,17.047777777777778,10.273611111111112,6.829722222222222,26357,5.140000000000001,1,81.47523371378581,90.0953877766927,0.7813741859281436,0.8510926116482974,0,0,0
AT,manufacturing,2013,275.0105555555556,175.01055555555556,9.402361111111112,8.437777777777777,1236.1627777777778,14.590972222222222,32.83819444444444,7.6620833333333325,17.022222222222222,9.743611111111111,6.265833333333333,26587,5.25,1,83.03660519917806,81.47523371378581,0.836111462021557,0.7813741859281436,0,0,0
AT,manufacturing,2014,269.66236111111107,169.66236111111112,9.580555555555556,6.369861111111111,1375.9066666666668,13.075555555555557,33.844027777777775,8.349027777777778,17.76736111111111,9.68611111111111,6.406805555555556,26705,4.705,0,100.29158528645831,83.03660519917806,1.008006654403483,0.836111462021557,0,0,0
AT,manufacturing,2015,261.712,161.712,9.338857142857144,7.142714285714286,1463.092,12.032428571428571,33.88014285714286,8.267428571428573,17.879285714285714,9.677714285714286,6.014714285714286,25566,4.38,0,105.95364507039388,100.29158528645831,1.0973250161592538,1.008006654403483,0,0,0
AT,manufacturing,2016,256.1494366197183,156.14943661971833,9.541971830985915,5.7478873239436625,1744.067605633803,10.172676056338029,34.249295774647884,9.115352112676057,17.906478873239436,9.244225352112677,6.055070422535211,26305,4.975,0,98.6786880493164,105.95364507039388,1.0219491840836905,1.0973250161592538,0,1,0
AT,manufacturing,2017,302.7693243243243,202.76932432432432,9.713783783783784,6.467972972972973,1944.3643243243241,8.61,34.12121621621621,9.544054054054055,18.75054054054054,9.693108108108108,6.2156756756756755,26227,4.475,0,107.37731170654295,98.6786880493164,1.1876345252183578,1.0219491840836905,0,1,0
AT,manufacturing,2018,268.71413333333334,168.71413333333334,9.7136,8.659600000000001,2022.4153333333334,10.45391891891892,34.31946666666667,9.246266666666667,17.776533333333333,10.220266666666667,5.948,27119,4.215,0,98.5529073079427,107.37731170654295,1.182506020575141,1.1876345252183578,0,1,0
AT,manufacturing,2019,248.9377777777778,148.9377777777778,9.508194444444445,9.709154929577466,1881.9668055555553,10.110142857142858,34.51569444444445,8.857083333333334,18.658333333333335,8.410138888888888,5.647638888888888,27295,4.08,0,90.94625282287598,98.5529073079427,1.0823351801373065,1.182506020575141,0,1,0
AT,manufacturing,2020,240.92662162162162,140.92662162162162,12.019324324324325,5.930405405405406,2020.97027027027,9.916216216216215,35.597432432432434,9.71027027027027,18.887162162162163,8.725135135135135,5.405540540540541,28109,4.16,0,77.29380416870117,90.94625282287598,0.8576027835253625,1.0823351801373065,0,0,1
AT,services,2010,358.74,258.74,9.7075,7.4015625,1050.7646875,14.109375,30.8584375,8.6325,7.5403125,8.2034375,7.021875,68922,9.09142857142857,0,84.17017555236816,83.1018575032552,0.9760943610966204,0.9662684659908214,0,0,0
AT,services,2011,345.175,245.175,9.73125,6.4193750000000005,1120.7884375,13.6990625,31.1134375,8.7115625,7.75875,8.3240625,6.946875,71528,8.767142857142856,0,90.0953877766927,84.17017555236816,1.0106740053929388,0.9760943610966204,0,0,0
AT,services,2012,349.8628125,249.8628125,9.971562500000001,6.9428125,1122.7678125,14.114062500000001,31.74,8.2228125,8.049375,8.0409375,6.8046875,76943,8.441428571428572,0,81.47523371378581,90.0953877766927,0.919750998634845,1.0106740053929388,0,0,0
AT,services,2013,326.564375,226.56437499999998,10.2009375,7.350625,1167.9125,12.4709375,31.745,8.1890625,7.9440625,7.813125,6.580625,78434,8.065714285714286,0,83.03660519917806,81.47523371378581,0.9854357274497548,0.919750998634845,0,0,0
AT,services,2014,323.1546875,223.1546875,10.3809375,6.9303125,1380.2884375,11.81875,31.9765625,8.248125,8.0615625,7.545,6.30625,77984,7.970000000000001,0,100.29158528645831,83.03660519917806,1.1619849940637748,0.9854357274497548,0,0,0
AT,services,2015,338.2278125,238.2278125,10.2375,5.72875,1288.3128125,10.8109375,32.46875,8.7125,8.0284375,7.4940625,6.2978125,75583,7.707142857142857,0,105.95364507039388,100.29158528645831,1.26245274397855,1.1619849940637748,0,0,0
AT,services,2016,309.8209375,209.8209375,10.69375,5.97125,1822.2821875,8.6434375,33.1121875,9.149375,8.1546875,7.4765625,6.2934375,77808,8.209999999999999,1,98.6786880493164,105.95364507039388,1.164756457172334,1.26245274397855,0,1,0
AT,services,2017,298.8703125,198.8703125,10.9015625,5.1615625,2228.8840625000003,7.62875,33.1903125,9.394375,8.3359375,7.5096875,6.3553125,79121,7.585714285714286,0,107.37731170654295,98.6786880493164,1.3463741081828873,1.164756457172334,0,1,0
AT,services,2018,285.16125,185.16125,11.011875,5.3375,2083.530625,8.343125,32.998125,9.191875,8.45875,7.3890625,6.346875,83140,7.381428571428572,0,98.5529073079427,107.37731170654295,1.340428413009892,1.3463741081828873,0,1,0
AT,services,2019,281.456875,181.456875,12.1725,5.334375,2222.861875,7.70875,33.388125,9.09125,8.413124999999999,7.259375,6.1125,83416,7.061428571428572,0,90.94625282287598,98.5529073079427,1.2353841087408364,1.340428413009892,0,1,0
AT,services,2020,284.0140625,184.0140625,14.2825,4.3084375,2115.9484375,8.204375,35.1128125,9.7815625,8.7715625,6.9983281250000005,6.1296875,85612,6.171428571428572,0,77.29380416870117,90.94625282287598,0.9623366277789076,1.2353841087408364,0,0,1
BE,construction,2010,268.114375,168.114375,10.83625,14.803125,844.47125,23.355,27.758125,9.104375,21.841875,23.798125,17.945625,150674,7.18,1,84.17017555236816,83.1018575032552,0.6363041488608967,0.5987928271790346,0,0,0
BE,construction,2011,280.04625,180.04625,10.7325,18.229375,776.005625,26.00125,26.863125,8.705625,22.848125,24.430625,18.976875,158022,7.75,1,90.0953877766927,84.17017555236816,0.6795143020292745,0.6363041488608967,0,0,0
BE,construction,2012,267.03875,167.03875,10.198125,12.575,737.5862500000001,23.83,26.47625,8.935625,23.029375,23.88,18.245,168254,7.07,0,81.47523371378581,90.0953877766927,0.6253015484583254,0.6795143020292745,0,0,0
BE,construction,2013,276.56875,176.56875,10.6975,9.50125,701.386875,25.675625,26.824375,9.1275,20.514375,25.624375,17.51625,174110,6.13,0,83.03660519917806,81.47523371378581,0.670008451458222,0.6253015484583254,0,0,0
BE,construction,2014,272.80375,172.80375,10.499375,14.344375,606.861875,29.925625,25.87375,8.50875,20.309375,28.681874999999998,19.96375,177476,6.76,0,100.29158528645831,83.03660519917806,0.8475052869568268,0.670008451458222,0,0,0
BE,construction,2015,285.665625,185.665625,10.491875,16.0325,648.888125,30.0025,26.1475,8.99625,22.199375,30.153125,20.40875,180946,7.19,1,105.95364507039388,100.29158528645831,0.8734492703558256,0.8475052869568268,0,0,0
BE,construction,2016,314.659375,214.659375,11.16,14.360625,728.88,31.1275,24.86125,8.15625,21.880625,31.129375,19.216875,187462,6.9,0,98.6786880493164,105.95364507039388,0.791875648982823,0.8734492703558256,0,1,0
BE,construction,2017,297.24625,197.24625,11.2375,11.134375,737.38625,25.54875,24.003125,8.09125,18.9575,27.29375,17.619374999999998,190278,6.99,0,107.37731170654295,98.6786880493164,0.84791637485226,0.791875648982823,0,1,0
BE,construction,2018,302.920625,202.920625,11.08375,17.095,817.805625,23.9425,24.11125,8.353125,19.491875,29.874375,17.90125,189358,7.13,1,98.5529073079427,107.37731170654295,0.9172852795571088,0.84791637485226,0,1,0
BE,construction,2019,301.2075,201.20749999999998,11.820625,18.643125,1163.1381250000002,20.745,23.658749999999998,8.28875,20.035,28.526875,16.65125,188576,8.37,1,90.94625282287598,98.5529073079427,0.8187635352959236,0.9172852795571088,0,1,0
BE,construction,2020,310.588125,210.588125,13.441875,14.03125,1173.58,22.955625,23.781875,8.903125,20.4225,29.969375,16.721875,185472,8.81,1,77.29380416870117,90.94625282287598,0.6530395732199152,0.8187635352959236,0,0,1
BE,manufacturing,2010,252.36680555555554,152.36680555555554,12.435833333333333,22.048472222222223,898.4213888888888,45.11704225352113,29.938750000000002,8.78875,16.7875,23.0925,16.819305555555555,68340,4.34,1,84.17017555236816,83.1018575032552,0.8239942978074152,0.8144665918250878,0,0,0
BE,manufacturing,2011,236.5538028169014,136.5538028169014,11.580281690140845,27.370714285714282,850.9423943661973,82.44072463768116,29.03450704225352,8.345211267605634,16.8356338028169,23.666619718309857,17.467887323943664,68474,4.79,1,90.0953877766927,84.17017555236816,0.8510926116482974,0.8239942978074152,0,0,0
BE,manufacturing,2012,243.56140845070422,143.56140845070422,11.39056338028169,22.518142857142855,1183.0181690140844,65.66647058823528,29.39887323943662,7.907464788732393,16.76070422535211,23.22718309859155,16.869295774647888,69698,4.47,0,81.47523371378581,90.0953877766927,0.7813741859281436,0.8510926116482974,0,0,0
BE,manufacturing,2013,234.9830985915493,134.9830985915493,11.690985915492957,20.970704225352115,1241.6652112676059,107.8431884057971,29.52633802816901,7.834225352112676,16.891830985915494,21.80549295774648,16.296760563380282,69239,3.7,0,83.03660519917806,81.47523371378581,0.836111462021557,0.7813741859281436,0,0,0
BE,manufacturing,2014,224.95714285714286,124.95714285714286,12.311285714285713,18.531285714285715,1451.5635714285713,29.828382352941176,29.720714285714283,8.537285714285714,17.126714285714286,21.196714285714286,15.80257142857143,68599,4.285,0,100.29158528645831,83.03660519917806,1.008006654403483,0.836111462021557,0,0,0
BE,manufacturing,2015,217.83885714285714,117.83885714285714,11.031857142857143,19.78157142857143,1692.2169999999999,131.83102941176472,29.778000000000002,9.114857142857142,16.717142857142857,20.942285714285713,15.728,68249,4.665,1,105.95364507039388,100.29158528645831,1.0973250161592538,1.008006654403483,0,0,0
BE,manufacturing,2016,216.872,116.872,11.487285714285715,20.15685714285714,2269.276714285714,34.46970588235294,30.022285714285715,8.852142857142857,16.764285714285716,20.49642857142857,16.317714285714285,68417,4.57,1,98.6786880493164,105.95364507039388,1.0219491840836905,1.0973250161592538,0,1,0
BE,manufacturing,2017,221.93657142857143,121.93657142857143,11.320285714285713,17.386285714285712,2147.350857142857,36.30235294117647,30.962857142857143,9.383714285714285,17.14742857142857,25.61942857142857,17.503285714285713,68287,4.84,1,107.37731170654295,98.6786880493164,1.1876345252183578,1.0219491840836905,0,1,0
BE,manufacturing,2018,224.48314285714287,124.48314285714285,11.495857142857144,24.06550724637681,2534.4487142857142,46.32710144927537,30.344714285714286,8.992285714285714,17.403142857142857,25.564999999999998,21.154285714285713,66826,5.455,1,98.5529073079427,107.37731170654295,1.182506020575141,1.1876345252183578,0,1,0
BE,manufacturing,2019,222.16840579710146,122.16840579710146,11.010579710144928,24.194202898550724,3191.306086956522,42.712941176470586,30.323478260869567,8.805652173913044,16.92173913043478,21.924202898550725,16.074202898550723,65215,5.67,1,90.94625282287598,98.5529073079427,1.0823351801373065,1.182506020575141,0,1,0
BE,manufacturing,2020,203.80955223880596,103.80955223880596,13.323235294117648,15.999402985074628,4674.021470588235,28.849545454545456,30.866323529411762,9.437058823529412,17.981029411764705,21.746323529411764,15.97220588235294,62930,5.57,1,77.29380416870117,90.94625282287598,0.8576027835253625,1.0823351801373065,0,0,1
BE,services,2010,271.1396875,171.1396875,10.9403125,13.329062500000001,651.594375,30.568125,26.2428125,8.8025,7.0915625,17.106875,13.8665625,404988,7.904285714285714,1,84.17017555236816,83.1018575032552,0.9760943610966204,0.9662684659908214,0,0,0
BE,services,2011,259.6996875,159.6996875,10.464375,15.185625,637.26,29.1721875,26.0603125,8.656875,7.4371875,15.860312500000001,13.4696875,412745,7.901428571428572,1,90.0953877766927,84.17017555236816,1.0106740053929388,0.9760943610966204,0,0,0
BE,services,2012,262.72125,162.72125,10.956875,13.7296875,637.5446875,28.2528125,25.9015625,8.25375,7.5325,15.3859375,13.186875,427006,6.938571428571429,0,81.47523371378581,90.0953877766927,0.919750998634845,1.0106740053929388,0,0,0
BE,services,2013,253.3428125,153.3428125,11.2953125,13.52875,748.5215625,25.43125,25.5475,8.266875,7.601875,15.647187500000001,13.035,429976,5.924285714285714,0,83.03660519917806,81.47523371378581,0.9854357274497548,0.919750998634845,0,0,0
BE,services,2014,252.859375,152.859375,11.383125,15.16875,828.6646875,24.9215625,25.8334375,8.256874999999999,7.6259375,15.905000000000001,13.1325,430890,6.848571428571428,0,100.29158528645831,83.03660519917806,1.1619849940637748,0.9854357274497548,0,0,0
BE,services,2015,254.96687500000002,154.96687500000002,11.61125,12.389375,845.3924999999999,25.0934375,26.575625,8.7809375,7.645625,15.566875,13.0790625,431148,7.134285714285714,1,105.95364507039388,100.29158528645831,1.26245274397855,1.1619849940637748,0,0,0
BE,services,2016,269.97875,169.97875,11.907187500000001,12.73,874.7384375,21.08625,25.488125,8.8103125,8.9753125,16.0321875,14.7190625,439105,6.982857142857143,1,98.6786880493164,105.95364507039388,1.164756457172334,1.26245274397855,0,1,0
BE,services,2017,285.5475,185.5475,12.22625,14.6746875,921.836875,20.3015625,25.206875,8.40375,8.574375,16.100625,14.29625,443198,7.140000000000001,1,107.37731170654295,98.6786880493164,1.3463741081828873,1.164756457172334,0,1,0
BE,services,2018,283.4059375,183.4059375,12.2246875,14.7409375,941.091875,19.7203125,24.6403125,8.3275,8.9171875,15.8840625,14.4,432749,7.547142857142857,1,98.5529073079427,107.37731170654295,1.340428413009892,1.3463741081828873,0,1,0
BE,services,2019,268.325,168.325,12.42375,16.075625,1012.630625,18.2175,24.60125,8.388125,8.7265625,15.8509375,13.77,419152,7.7057142857142855,1,90.94625282287598,98.5529073079427,1.2353841087408364,1.340428413009892,0,1,0
BE,services,2020,307.535,207.535,12.9590625,11.987333333333334,946.160625,19.730999999999998,24.519375,7.3521875,9.5371875,15.95625,14.1853125,403381,6.934285714285714,0,77.29380416870117,90.94625282287598,0.9623366277789076,1.2353841087408364,0,0,1
DE,construction,2010,550.9456250000001,450.945625,10.861875,10.102500000000001,773.363125,16.694375,30.199375,6.2837499999999995,41.119375,10.0425,7.106875,19712,7.49,0,84.17017555236816,83.1018575032552,0.6363041488608967,0.5987928271790346,0,0,0
DE,construction,2011,515.1525,415.1525,10.879375,8.97875,750.704375,16.351875,30.1225,6.131875,40.56125,10.54625,7.5024999999999995,20636,7.55,0,90.0953877766927,84.17017555236816,0.6795143020292745,0.6363041488608967,0,0,0
DE,construction,2012,507.666875,407.666875,10.205625,9.868125,778.913125,16.271875,30.385,6.0512500000000005,40.971875,10.4525,7.0375,22256,6.85,0,81.47523371378581,90.0953877766927,0.6253015484583254,0.6795143020292745,0,0,0
DE,construction,2013,502.8625,402.8625,10.963750000000001,8.683125,789.279375,16.45875,31.321875,6.304375,42.314375,10.620625,7.20625,23164,6.71,0,83.03660519917806,81.47523371378581,0.670008451458222,0.6253015484583254,0,0,0
DE,construction,2014,500.2425,400.2425,11.34375,7.9325,905.8306249999999,13.348125,31.715,6.5275,43.07625,10.34875,6.51625,23232,6.42,0,100.29158528645831,83.03660519917806,0.8475052869568268,0.670008451458222,0,0,0
DE,construction,2015,477.87,377.87,12.446875,6.9975,1032.068125,12.065,32.45875,6.98,43.789375,9.816875,6.37125,23860,6.23,0,105.95364507039388,100.29158528645831,0.8734492703558256,0.8475052869568268,0,0,0
DE,construction,2016,440.506875,340.506875,12.419375,6.2675,1306.52625,9.51875,33.409375,7.50125,42.2625,10.08125,6.35125,17818,6.06,0,98.6786880493164,105.95364507039388,0.791875648982823,0.8734492703558256,0,1,0
DE,construction,2017,462.364375,362.364375,11.701875,7.4750000000000005,1142.636875,16.1175,33.681875,7.40875,51.02,10.39875,6.5925,21314,6.01,0,107.37731170654295,98.6786880493164,0.84791637485226,0.791875648982823,0,1,0
DE,construction,2018,454.54375,354.54375,10.885,6.00125,1304.8856250000001,12.643125,33.77375,7.739375,53.830625,10.3075,6.506875,19176,7.27,1,98.5529073079427,107.37731170654295,0.9172852795571088,0.84791637485226,0,1,0
DE,construction,2019,465.068125,365.068125,11.97,5.28,1596.744375,9.064375,34.418125,8.4725,53.84875,9.995625,6.208125,28018,7.75,1,90.94625282287598,98.5529073079427,0.8187635352959236,0.9172852795571088,0,1,0
DE,construction,2020,412.36,312.36,14.761875,3.879375,1941.536875,7.619375,33.28625,9.349375,42.925625,9.47875,5.338261029411765,26434,6.36,0,77.29380416870117,90.94625282287598,0.6530395732199152,0.8187635352959236,0,0,1
DE,manufacturing,2010,288.24955223880596,188.24955223880596,8.897910447761193,7.855970149253731,730.9086567164179,18.303582089552236,31.511343283582093,8.413283582089553,17.25223880597015,8.66179104477612,6.164328358208955,41099,6.25,1,84.17017555236816,83.1018575032552,0.8239942978074152,0.8144665918250878,0,0,0
DE,manufacturing,2011,290.46132352941174,190.46132352941177,8.338235294117647,5.531617647058823,706.1308823529412,20.308382352941177,30.598676470588234,8.121617647058823,17.811617647058824,8.424999999999999,5.926617647058824,42030,6.205,1,90.0953877766927,84.17017555236816,0.8510926116482974,0.8239942978074152,0,0,0
DE,manufacturing,2012,282.8310294117647,182.83102941176472,8.658823529411764,7.337941176470588,694.727794117647,19.33308823529412,30.78955882352941,7.485441176470588,18.285588235294117,8.23485294117647,5.701470588235294,43759,5.735,0,81.47523371378581,90.0953877766927,0.7813741859281436,0.8510926116482974,0,0,0
DE,manufacturing,2013,279.1295588235294,179.1295588235294,8.983088235294119,8.477205882352942,711.640294117647,19.811764705882354,31.427500000000002,7.358676470588235,18.1475,8.283676470588235,5.658970588235294,42925,4.67,0,83.03660519917806,81.47523371378581,0.836111462021557,0.7813741859281436,0,0,0
DE,manufacturing,2014,272.5229411764706,172.52294117647057,9.230882352941178,7.253970588235294,788.5470588235294,16.845,32.118235294117646,7.976323529411765,18.416029411764704,7.9119117647058825,5.355882352941176,42547,4.255,0,100.29158528645831,83.03660519917806,1.008006654403483,0.836111462021557,0,0,0
DE,manufacturing,2015,268.28367647058826,168.28367647058826,9.444117647058825,8.6525,751.3788235294118,20.713676470588236,32.32264705882353,7.7063235294117645,18.203529411764706,7.846470588235293,5.355294117647059,41864,4.21,0,105.95364507039388,100.29158528645831,1.0973250161592538,1.008006654403483,0,0,0
DE,manufacturing,2016,259.1661764705882,159.16617647058823,9.810441176470588,8.5,978.1645588235294,13.926764705882352,32.423382352941175,7.9057352941176475,18.515735294117647,8.18235294117647,5.358235294117647,36498,3.8150000000000004,0,98.6786880493164,105.95364507039388,1.0219491840836905,1.0973250161592538,0,1,0
DE,manufacturing,2017,254.05176470588236,154.05176470588236,9.367205882352941,8.00014705882353,919.6501470588236,15.20764705882353,32.29720588235294,7.715,18.36720588235294,8.264264705882354,5.338261029411765,38853,3.765,0,107.37731170654295,98.6786880493164,1.1876345252183578,1.0219491840836905,0,1,0
DE,manufacturing,2018,258.21397058823527,158.21397058823527,8.768382352941176,8.64735294117647,886.3708823529412,21.05191176470588,32.4410294117647,7.528382352941176,19.408529411764704,8.3375,5.4775,35708,4.68,1,98.5529073079427,107.37731170654295,1.182506020575141,1.1876345252183578,0,1,0
DE,manufacturing,2019,257.1283823529412,157.12838235294117,9.685882352941176,7.635735294117647,888.9473529411764,18.288382352941177,33.025441176470586,7.473088235294118,19.48205882352941,7.937794117647059,5.338261029411765,41166,5.32,1,90.94625282287598,98.5529073079427,1.0823351801373065,1.182506020575141,0,1,0
DE,manufacturing,2020,253.47735294117646,153.47735294117646,11.674264705882353,12.466060606060607,884.6445588235295,20.81923076923077,32.86955882352942,6.892058823529411,20.139264705882354,7.586323529411764,5.338261029411765,40020,3.665,0,77.29380416870117,90.94625282287598,0.8576027835253625,1.0823351801373065,0,0,1
DE,services,2010,369.1090625,269.1090625,10.9234375,6.1953125,846.0584375,15.485624999999999,27.7534375,6.771875,7.145,7.4278125,5.99375,63289,9.844285714285714,0,84.17017555236816,83.1018575032552,0.9760943610966204,0.9662684659908214,0,0,0
DE,services,2011,344.765625,244.765625,10.4340625,6.440625,857.10625,14.973125,27.751875,6.78625,7.310625,7.0753125,5.729375,65223,9.721428571428572,0,90.0953877766927,84.17017555236816,1.0106740053929388,0.9760943610966204,0,0,0
DE,services,2012,324.2625,224.2625,10.3978125,6.6790625,831.13,15.7403125,27.7565625,6.0871875,7.3934375,7.128125,5.793125,67305,8.815714285714286,0,81.47523371378581,90.0953877766927,0.919750998634845,1.0106740053929388,0,0,0
DE,services,2013,324.08,224.08,10.5471875,6.703125,843.3921875,15.2215625,28.3871875,6.07875,7.416875,7.1265625,5.633125,66363,8.28,0,83.03660519917806,81.47523371378581,0.9854357274497548,0.919750998634845,0,0,0
DE,services,2014,319.1890625,219.1890625,10.748125,5.7353125,942.1828125,13.094375,28.9534375,6.361875,7.60375,7.0028125,5.5709375,66391,8.05857142857143,0,100.29158528645831,83.03660519917806,1.1619849940637748,0.9854357274497548,0,0,0
DE,services,2015,303.7509375,203.7509375,11.354375,4.4953125,1009.4740625,13.319375,29.3021875,6.6584375,8.0246875,6.9983281250000005,5.4712499999999995,66605,7.991428571428571,0,105.95364507039388,100.29158528645831,1.26245274397855,1.1619849940637748,0,0,0
DE,services,2016,288.0290625,188.0290625,11.39625,4.6971875,1227.9653125,10.2171875,29.0975,6.9434375,8.05375,6.9983281250000005,5.3640625,56055,7.578571428571428,0,98.6786880493164,105.95364507039388,1.164756457172334,1.26245274397855,0,1,0
DE,services,2017,293.38375,193.38375,11.2575,4.931875,1187.9921875,10.907187500000001,29.573125,6.8134375,8.125937500000001,7.2753125,5.5578125,60561,7.651428571428572,0,107.37731170654295,98.6786880493164,1.3463741081828873,1.164756457172334,0,1,0
DE,services,2018,296.5846875,196.5846875,10.9728125,5.3571875,1113.94,12.154375,29.53875,6.58625,8.696875,7.3884375,5.674375,54734,9.037142857142857,1,98.5529073079427,107.37731170654295,1.340428413009892,1.3463741081828873,0,1,0
DE,services,2019,299.61125,199.61125,11.035,6.0078125,1145.0590625,11.485625,29.353125,6.418125,8.555625,7.12375,5.5575,70488,9.892857142857142,1,90.94625282287598,98.5529073079427,1.2353841087408364,1.340428413009892,0,1,0
DE,services,2020,291.25,191.25,13.1390625,8.018620689655172,951.98125,31.694827586206895,30.080625,5.0131250000000005,8.614375,6.9983281250000005,5.650625,68773,7.49,0,77.29380416870117,90.94625282287598,0.9623366277789076,1.2353841087408364,0,0,1
ES,construction,2010,417.745625,317.74625000000003,16.125,16.607333333333333,342.44875,58.431333333333335,29.9725,5.381875,84.55875,40.24625,28.056874999999998,320206,6.62,0,84.17017555236816,83.1018575032552,0.6363041488608967,0.5987928271790346,0,0,0
ES,construction,2011,378.84666666666664,278.84600000000006,16.083125,54.90191541666671,209.070625,195.358,29.713125,3.76875,89.39029166666673,41.743125,27.7975,303200,6.91,1,90.0953877766927,84.17017555236816,0.6795143020292745,0.6363041488608967,0,0,0
ES,construction,2012,371.6035714285714,271.6035714285714,16.807333333333336,41.43857142857143,192.69444375,273.69357142857143,30.472,3.226,89.39029166666673,39.28933333333334,24.874000000000002,277146,6.77,1,81.47523371378581,90.0953877766927,0.6253015484583254,0.6795143020292745,0,0,0
ES,construction,2013,499.98857142857145,399.98857142857145,17.808,46.37642857142857,192.69444375,141.94615384615383,30.503333333333334,3.1634066666666665,88.35333333333332,42.18333333333333,27.074,265288,7.36,1,83.03660519917806,81.47523371378581,0.670008451458222,0.6253015484583254,0,0,0
ES,construction,2014,314.53133333333335,214.53133333333335,20.012666666666668,25.955000000000002,272.63666666666666,57.34285714285715,32.77333333333333,4.391333333333334,64.73066666666666,39.382,25.116666666666667,243686,9.5,1,100.29158528645831,83.03660519917806,0.8475052869568268,0.670008451458222,0,0,0
ES,construction,2015,288.216875,188.21687500000002,20.618125,28.580624999999998,341.94875,44.924,32.0625,6.114375,64.31625,35.47875,25.948125,219534,8.87,1,105.95364507039388,100.29158528645831,0.8734492703558256,0.8475052869568268,0,0,0
ES,construction,2016,296.38,196.38,20.003125,21.650666666666666,377.685,40.961999999999996,32.3425,5.45875,67.8225,35.744375,23.520625,265388,9.88,1,98.6786880493164,105.95364507039388,0.791875648982823,0.8734492703558256,0,1,0
ES,construction,2017,301.691875,201.69187499999998,20.57375,26.065333333333335,480.030625,42.22866666666667,30.8525,5.324375,54.184375,33.905625,22.133125,274322,9.33,0,107.37731170654295,98.6786880493164,0.84791637485226,0.791875648982823,0,1,0
ES,construction,2018,254.92875,154.92875,19.59,21.904666666666667,563.7875,31.112666666666666,30.51875,5.680625,45.321875,32.071875,20.810000000000002,320012,10.25,1,98.5529073079427,107.37731170654295,0.9172852795571088,0.84791637485226,0,1,0
ES,construction,2019,252.421875,152.421875,20.55625,22.53125,686.66125,29.91375,31.804375,6.708125,41.53125,30.298125,20.281875,326598,9.25,0,90.94625282287598,98.5529073079427,0.8187635352959236,0.9172852795571088,0,1,0
ES,construction,2020,266.88875,166.88875000000002,21.138199999999998,23.03125,631.57875,44.61375,32.0475,6.2775,42.493125,32.5975,21.4325,312542,7.94,0,77.29380416870117,90.94625282287598,0.6530395732199152,0.8187635352959236,0,0,1
ES,manufacturing,2010,234.71797101449275,134.718115942029,14.448142857142857,12.623913043478261,763.3148571428571,28.110724637681162,28.832,7.023428571428571,18.03757142857143,27.62442857142857,16.48,195492,4.800000000000001,0,84.17017555236816,83.1018575032552,0.8239942978074152,0.8144665918250878,0,0,0
ES,manufacturing,2011,235.29159420289855,135.29,14.264347826086956,10.860000000000001,649.9345588235294,31.34565217391304,28.443188405797102,6.416666666666667,17.99014492753623,26.092608695652174,15.285217391304348,196608,4.895,0,90.0953877766927,84.17017555236816,0.8510926116482974,0.8239942978074152,0,0,0
ES,manufacturing,2012,229.71014285714284,129.7092857142857,13.983571428571429,16.12782608695652,657.9984285714286,62.158088235294116,28.730285714285717,6.315857142857143,19.02285714285714,25.994285714285713,15.004571428571428,190038,4.9,1,81.47523371378581,90.0953877766927,0.7813741859281436,0.8510926116482974,0,0,0
ES,manufacturing,2013,221.8897142857143,121.88999999999999,14.659,11.730579710144927,783.7881428571428,25.402898550724636,28.59285714285714,6.940714285714286,18.78385714285714,25.147714285714283,14.910285714285715,189661,5.484999999999999,1,83.03660519917806,81.47523371378581,0.836111462021557,0.7813741859281436,0,0,0
ES,manufacturing,2014,224.74342857142855,124.74328571428572,15.446571428571428,11.414,921.376,20.025714285714287,29.12842857142857,7.760571428571429,18.109857142857145,24.683,14.560714285714285,175750,6.225,1,100.29158528645831,83.03660519917806,1.008006654403483,0.836111462021557,0,0,0
ES,manufacturing,2015,213.95042857142857,113.95042857142857,15.958999999999998,7.14985294117647,1150.3163235294116,13.7575,29.637857142857143,8.437999999999999,17.648142857142854,23.751714285714286,13.957857142857142,161323,6.0,1,105.95364507039388,100.29158528645831,1.0973250161592538,1.008006654403483,0,0,0
ES,manufacturing,2016,217.35742857142858,117.35742857142857,16.210571428571427,6.728571428571429,1354.3345714285715,12.308428571428571,29.960857142857147,8.846285714285715,18.09242857142857,23.777,13.968571428571428,182650,6.8100000000000005,1,98.6786880493164,105.95364507039388,1.0219491840836905,1.0973250161592538,0,1,0
ES,manufacturing,2017,212.3387323943662,112.3387323943662,16.605070422535213,5.397857142857143,1499.3151428571427,9.979571428571427,29.90746478873239,8.940422535211267,17.453098591549296,23.762957746478875,14.166901408450704,187144,5.68,0,107.37731170654295,98.6786880493164,1.1876345252183578,1.0219491840836905,0,1,0
ES,manufacturing,2018,214.93642857142856,114.93642857142858,16.185142857142857,5.623857142857143,1490.1654285714285,10.193857142857144,29.209714285714288,8.615571428571428,18.900285714285715,22.730142857142855,13.792857142857143,213790,6.305,0,98.5529073079427,107.37731170654295,1.182506020575141,1.1876345252183578,0,1,0
ES,manufacturing,2019,208.755,108.755,16.344444444444445,5.775211267605634,1657.9877777777776,8.58338028169014,29.61777777777778,8.689305555555556,18.83486111111111,21.33111111111111,12.942916666666667,211598,5.65,0,90.94625282287598,98.5529073079427,1.0823351801373065,1.182506020575141,0,1,0
ES,manufacturing,2020,214.29295774647886,114.29295774647888,19.289859154929577,7.846,1283.2314285714285,14.137571428571428,30.409295774647887,8.170281690140845,19.673661971830985,23.294647887323944,13.832676056338029,198073,4.775,0,77.29380416870117,90.94625282287598,0.8576027835253625,1.0823351801373065,0,0,1
ES,services,2010,273.7683870967742,173.76774193548388,16.234193548387097,10.063870967741936,644.8425806451612,23.671612903225807,32.18258064516129,6.997419354838709,9.569032258064516,16.990967741935485,11.582258064516129,645658,8.934285714285714,1,84.17017555236816,83.1018575032552,0.9760943610966204,0.9662684659908214,0,0,0
ES,services,2011,270.35,170.3503125,15.8584375,11.8146875,598.0625,28.830312499999998,31.52125,6.42125,9.835625,16.7471875,11.6303125,665568,8.855714285714285,1,90.0953877766927,84.17017555236816,1.0106740053929388,0.9760943610966204,0,0,0
ES,services,2012,259.90875,159.9078125,16.273125,14.4971875,513.23875,37.236875,31.4990625,6.0865625,10.004375,16.21125,11.5628125,658668,9.337142857142856,1,81.47523371378581,90.0953877766927,0.919750998634845,1.0106740053929388,0,0,0
ES,services,2013,246.8577419354839,146.8558064516129,17.02548387096774,12.848709677419356,596.3845161290322,25.970000000000002,30.881290322580647,6.341290322580646,9.868064516129033,16.348709677419354,11.610967741935484,666803,9.29857142857143,1,83.03660519917806,81.47523371378581,0.9854357274497548,0.919750998634845,0,0,0
ES,services,2014,243.19875,143.19875,16.6315625,11.6325,689.4353125,20.826562499999998,31.6253125,6.9190625,9.3409375,15.421875,10.8146875,634456,10.535714285714286,1,100.29158528645831,83.03660519917806,1.1619849940637748,0.9854357274497548,0,0,0
ES,services,2015,240.8640625,140.8640625,17.320625,10.179375,916.8471875,15.3596875,31.731875,7.536875,9.3628125,15.3028125,10.813125,575487,10.008571428571429,0,105.95364507039388,100.29158528645831,1.26245274397855,1.1619849940637748,0,0,0
ES,services,2016,241.1746875,141.1746875,18.195,10.4621875,1148.53375,11.874375,32.15125,8.38875,9.4121875,15.23625,10.8190625,676016,10.632857142857143,1,98.6786880493164,105.95364507039388,1.164756457172334,1.26245274397855,0,1,0
ES,services,2017,239.6978125,139.6978125,18.4671875,9.334375,1306.5415625,10.11875,32.004375,8.5065625,9.3115625,14.899375,10.6965625,706293,9.917142857142858,0,107.37731170654295,98.6786880493164,1.3463741081828873,1.164756457172334,0,1,0
ES,services,2018,239.23375,139.23375,18.7340625,10.178125,1438.0315625,9.2834375,31.890625,8.35,9.2071875,14.8165625,10.2771875,821896,10.498571428571429,1,98.5529073079427,107.37731170654295,1.340428413009892,1.3463741081828873,0,1,0
ES,services,2019,232.8396875,132.8396875,18.624375,9.8109375,1447.8075,8.9784375,31.7440625,8.1971875,9.40375,14.4659375,10.016562500000001,825481,10.514285714285714,0,90.94625282287598,98.5529073079427,1.2353841087408364,1.340428413009892,0,1,0
ES,services,2020,241.74625,141.74625,20.855625,27.022758620689654,991.633125,11.859285714285715,32.044375,5.073125,10.2128125,15.9596875,10.69,767954,8.252857142857144,0,77.29380416870117,90.94625282287598,0.9623366277789076,1.2353841087408364,0,0,1
FR,construction,2010,416.5075,316.5075,15.08125,26.330625,1045.644375,26.61375,29.616875,5.10625,15.109375,28.199375,18.799375,112004,13.63,1,84.17017555236816,83.1018575032552,0.6363041488608967,0.5987928271790346,0,0,0
FR,construction,2011,437.7975,337.7975,15.765,26.123125,979.7475,21.300625,28.80875,4.8825,15.425,29.101875,19.208125,115670,11.92,0,90.0953877766927,84.17017555236816,0.6795143020292745,0.6363041488608967,0,0,0
FR,construction,2012,436.181875,336.1825,15.680625000000001,29.166875,903.57,38.149375,28.189375,4.1206249999999995,14.055625,28.70375,18.79375,118478,11.09,0,81.47523371378581,90.0953877766927,0.6253015484583254,0.6795143020292745,0,0,0
FR,construction,2013,435.281875,335.28125,15.27625,29.5475,1127.58,23.445,28.509375,4.25,12.046875,27.755625,18.764375,111964,9.79,0,83.03660519917806,81.47523371378581,0.670008451458222,0.6253015484583254,0,0,0
FR,construction,2014,428.3575,328.3575,15.6825,29.4825,1112.994375,21.919375,28.75625,4.054375,11.5,27.218125,18.163125,109854,9.99,0,100.29158528645831,83.03660519917806,0.8475052869568268,0.670008451458222,0,0,0
FR,construction,2015,406.953125,306.953125,16.144375,33.390625,1107.081875,33.8525,29.128125,3.92,11.30625,27.273125,18.22,108700,8.63,0,105.95364507039388,100.29158528645831,0.8734492703558256,0.8475052869568268,0,0,0
FR,construction,2016,418.636875,318.636875,16.22375,34.70875,1228.835625,19.267999999999997,28.926875000000003,3.800625,11.261875,28.12875,19.10875,109034,8.5,0,98.6786880493164,105.95364507039388,0.791875648982823,0.8734492703558256,0,1,0
FR,construction,2017,423.549375,323.549375,15.451875,26.12,1153.31,18.31375,28.55125,4.035625,10.8975,29.29,18.9575,111940,8.28,0,107.37731170654295,98.6786880493164,0.84791637485226,0.791875648982823,0,1,0
FR,construction,2018,429.4225,329.4225,14.1875,28.494375,1237.125625,18.095,28.281875,4.12125,11.81,30.46375,19.188125,113854,8.65,1,98.5529073079427,107.37731170654295,0.9172852795571088,0.84791637485226,0,1,0
FR,construction,2019,420.749375,320.74875,14.753125,26.76875,1348.91875,17.943125000000002,27.9625,4.416875,11.529375,29.705,18.438125,117582,9.77,1,90.94625282287598,98.5529073079427,0.8187635352959236,0.9172852795571088,0,1,0
FR,construction,2020,427.39937499999996,327.4,19.3675,54.90191541666671,1127.5575,105.006,28.27875,3.646875,11.099375,30.388125,19.1,118832,8.78,0,77.29380416870117,90.94625282287598,0.6530395732199152,0.8187635352959236,0,0,1
FR,manufacturing,2010,254.33266666666668,154.3328,11.490657894736842,13.389333333333333,1031.2017105263158,21.7996,28.976710526315788,5.856315789473684,16.062368421052632,19.7325,14.678157894736842,104124,9.175,1,84.17017555236816,83.1018575032552,0.8239942978074152,0.8144665918250878,0,0,0
FR,manufacturing,2011,255.92293333333336,155.92293333333333,11.074342105263158,17.273866666666667,909.282105263158,23.458648648648648,28.207894736842107,5.854868421052632,15.917631578947368,20.071578947368423,14.441447368421052,104778,7.635,0,90.0953877766927,84.17017555236816,0.8510926116482974,0.8239942978074152,0,0,0
FR,manufacturing,2012,268.61763157894734,168.6175,10.97407894736842,36.96013333333333,924.8673684210526,74.29888888888888,27.965000000000003,5.087894736842105,15.878157894736843,19.524473684210527,14.059342105263157,106459,7.335,0,81.47523371378581,90.0953877766927,0.7813741859281436,0.8510926116482974,0,0,0
FR,manufacturing,2013,261.06381578947367,161.06407894736842,11.516052631578948,20.662499999999998,1020.9121052631577,25.445479452054794,28.49763157894737,5.577894736842105,15.86828947368421,19.794342105263155,14.053157894736842,103834,7.175000000000001,0,83.03660519917806,81.47523371378581,0.836111462021557,0.7813741859281436,0,0,0
FR,manufacturing,2014,259.99105263157895,159.99105263157895,11.700131578947369,22.131447368421053,1300.3898684210526,18.290135135135134,28.926315789473687,6.1078947368421055,16.008815789473687,19.38223684210526,13.868026315789473,102975,8.195,1,100.29158528645831,83.03660519917806,1.008006654403483,0.836111462021557,0,0,0
FR,manufacturing,2015,257.3321052631579,157.3325,12.036184210526315,16.219466666666666,1252.06,20.523108108108108,29.02,6.145,16.258815789473687,19.36513157894737,14.128157894736843,102442,7.06,0,105.95364507039388,100.29158528645831,1.0973250161592538,1.008006654403483,0,0,0
FR,manufacturing,2016,248.05105263157895,148.0507894736842,12.437236842105264,13.252500000000001,1404.9477631578948,18.285657894736843,29.51631578947368,6.73671052631579,16.832105263157896,19.965657894736843,14.655526315789473,102355,7.154999999999999,0,98.6786880493164,105.95364507039388,1.0219491840836905,1.0973250161592538,0,1,0
FR,manufacturing,2017,237.37684210526314,137.37644736842105,12.309736842105263,12.247236842105263,1650.2181578947368,13.690263157894737,29.366973684210524,6.838157894736843,16.718684210526316,19.754605263157895,14.816052631578946,102490,7.255,0,107.37731170654295,98.6786880493164,1.1876345252183578,1.0219491840836905,0,1,0
FR,manufacturing,2018,244.56447368421055,144.56447368421053,11.852763157894737,13.303947368421053,1649.6282894736842,16.794868421052634,28.362236842105265,6.140921052631579,17.152894736842104,20.19013157894737,14.576842105263157,102005,7.915,1,98.5529073079427,107.37731170654295,1.182506020575141,1.1876345252183578,0,1,0
FR,manufacturing,2019,244.9961842105263,144.9959210526316,11.934078947368421,14.330263157894736,1701.588552631579,14.761599999999998,28.811578947368417,6.40921052631579,17.14092105263158,19.616184210526313,14.221315789473683,102675,10.075,1,90.94625282287598,98.5529073079427,1.0823351801373065,1.182506020575141,0,1,0
FR,manufacturing,2020,258.54657894736846,158.54684210526315,15.400394736842106,14.84472972972973,1570.323947368421,22.66835616438356,29.228552631578946,5.862894736842105,18.812631578947368,20.88842105263158,14.697763157894736,102705,9.43,1,77.29380416870117,90.94625282287598,0.8576027835253625,1.0823351801373065,0,0,1
FR,services,2010,325.9284375,225.9284375,11.21,11.6759375,836.9409375,18.95125,29.7471875,6.7259375,6.9840625,13.5025,12.426875,308948,13.365714285714287,1,84.17017555236816,83.1018575032552,0.9760943610966204,0.9662684659908214,0,0,0
FR,services,2011,333.8275,233.8278125,11.116249999999999,13.3109375,768.9190625,21.7096875,29.6725,6.501875,7.224375,13.37625,12.3953125,323964,11.581428571428571,0,90.0953877766927,84.17017555236816,1.0106740053929388,0.9760943610966204,0,0,0
FR,services,2012,332.48875,232.4890625,11.003125,14.6096875,806.0528125,21.4915625,29.31,6.1003125,7.0809375,13.15875,12.1628125,337869,10.76,0,81.47523371378581,90.0953877766927,0.919750998634845,1.0106740053929388,0,0,0
FR,services,2013,321.405,221.4046875,11.5715625,13.2871875,857.235,23.469375,29.1859375,6.126875,6.970625,13.25125,12.2796875,335838,10.18142857142857,0,83.03660519917806,81.47523371378581,0.9854357274497548,0.919750998634845,0,0,0
FR,services,2014,323.649375,223.649375,11.17625,13.6546875,839.3509375,23.28625,29.2215625,6.2109375,7.145625,13.3159375,12.390625,340792,10.787142857142857,0,100.29158528645831,83.03660519917806,1.1619849940637748,0.9854357274497548,0,0,0
FR,services,2015,310.805625,210.80531249999999,11.1475,13.5934375,939.2853125,21.6178125,29.6490625,6.6509374999999995,7.2240625000000005,13.2696875,12.535625,348563,10.882857142857144,1,105.95364507039388,100.29158528645831,1.26245274397855,1.1619849940637748,0,0,0
FR,services,2016,311.111875,211.111875,11.29875,13.51375,1008.609375,19.2740625,29.51375,6.4184375,7.3984375,13.50625,12.95875,357330,11.764285714285714,1,98.6786880493164,105.95364507039388,1.164756457172334,1.26245274397855,0,1,0
FR,services,2017,307.105625,207.1053125,11.401875,12.9884375,1048.42875,17.9140625,29.694375,6.5309375,7.4396875,13.7590625,13.016875,366997,12.084285714285715,1,107.37731170654295,98.6786880493164,1.3463741081828873,1.164756457172334,0,1,0
FR,services,2018,310.7971875,210.7975,10.953125,13.0290625,1113.4046875,16.7159375,29.607499999999998,6.4159375,7.5515625,13.7359375,12.98625,372298,13.504285714285714,1,98.5529073079427,107.37731170654295,1.340428413009892,1.3463741081828873,0,1,0
FR,services,2019,319.3015625,219.3015625,11.5246875,12.5540625,1158.6184375,19.518125,29.3584375,6.389375,7.595625,13.786875,13.1696875,382064,14.357142857142858,1,90.94625282287598,98.5529073079427,1.2353841087408364,1.340428413009892,0,1,0
FR,services,2020,419.3815625,319.3815625,14.8796875,15.026,935.56625,36.76933333333333,28.1671875,4.5084375,8.0290625,14.4309375,14.33375,383538,13.504285714285714,0,77.29380416870117,90.94625282287598,0.9623366277789076,1.2353841087408364,0,0,1
HR,construction,2014,1065.6149916666675,965.6149916666675,10.612,-17.36733333333333,577.702,59.80466666666666,29.506666666666668,13.81,33.650666666666666,36.106,33.794,40360,6.15,0,100.29158528645831,83.03660519917806,0.8475052869568268,0.670008451458222,0,0,0
HR,construction,2015,977.9973333333332,877.9973333333332,11.984666666666667,9.730666666666668,719.6800000000001,52.432,27.216,12.008000000000001,30.981333333333335,33.595333333333336,30.604,40420,7.55,0,105.95364507039388,100.29158528645831,0.8734492703558256,0.8475052869568268,0,0,0
HR,construction,2016,938.0307142857143,838.0307142857143,12.333571428571428,7.090000000000001,655.515,41.097857142857144,28.27785714285714,12.047857142857142,29.41857142857143,33.097857142857144,27.307142857142857,40766,8.77,1,98.6786880493164,105.95364507039388,0.791875648982823,0.8734492703558256,0,1,0
HR,construction,2017,900.8457142857143,800.8457142857143,11.132857142857143,12.672142857142857,800.6878571428572,41.403571428571425,27.23,10.267142857142858,28.68357142857143,30.976428571428574,26.869285714285716,44634,8.69,1,107.37731170654295,98.6786880493164,0.84791637485226,0.791875648982823,0,1,0
HR,construction,2018,871.9699999999999,771.9699999999999,13.169333333333332,19.901333333333334,1288.586,34.251999999999995,26.284666666666666,10.213333333333333,23.205333333333332,27.759333333333334,24.944666666666667,48498,10.95,1,98.5529073079427,107.37731170654295,0.9172852795571088,0.84791637485226,0,1,0
HR,construction,2019,763.3014285714286,663.3014285714286,14.650666666666666,10.045333333333334,1840.7646666666667,32.202,25.54866666666667,10.383999999999999,20.756000000000004,24.850666666666665,21.718000000000004,53950,14.72,1,90.94625282287598,98.5529073079427,0.8187635352959236,0.9172852795571088,0,1,0
HR,construction,2020,1065.6149916666675,965.6149916666675,16.464000000000002,7.1080000000000005,2976.122666666667,29.96333333333333,27.65666666666667,11.801333333333334,19.676,24.55933333333333,21.896666666666665,58964,11.76,0,77.29380416870117,90.94625282287598,0.6530395732199152,0.8187635352959236,0,0,1
HR,manufacturing,2014,587.0285454545456,487.02854545454545,9.5405,-0.4075862068965516,1225.912,33.115,29.08533333333333,10.236333333333333,23.224,19.848333333333336,21.929166666666667,33963,5.82,0,100.29158528645831,83.03660519917806,1.008006654403483,0.836111462021557,0,0,0
HR,manufacturing,2015,328.57448275862066,228.5744827586207,10.484920634920634,-0.2813559322033897,1066.490476190476,35.207796610169495,28.165714285714287,9.795238095238096,22.062539682539683,17.31793650793651,19.595714285714287,34585,6.1899999999999995,0,105.95364507039388,100.29158528645831,1.0973250161592538,1.008006654403483,0,0,0
HR,manufacturing,2016,313.65672413793106,213.65672413793104,11.021451612903226,5.176140350877193,1569.460483870968,52.11052631578948,28.861451612903227,10.110483870967743,22.21548387096774,18.09258064516129,19.31467741935484,35559,6.08,0,98.6786880493164,105.95364507039388,1.0219491840836905,1.0973250161592538,0,1,0
HR,manufacturing,2017,292.0510344827586,192.0510344827586,11.009032258064515,6.597333333333334,1248.1509677419356,33.665166666666664,28.48161290322581,9.494193548387097,20.739838709677418,16.193225806451615,19.56096774193548,38390,5.965,0,107.37731170654295,98.6786880493164,1.1876345252183578,1.0219491840836905,0,1,0
HR,manufacturing,2018,286.62140350877195,186.62140350877192,10.942580645161291,12.510357142857142,1449.3633870967742,32.45181818181818,27.41564516129032,8.311774193548388,20.688064516129035,15.726129032258065,18.895806451612902,40649,6.7,1,98.5529073079427,107.37731170654295,1.182506020575141,1.1876345252183578,0,1,0
HR,manufacturing,2019,277.93254237288136,177.93254237288136,11.23483870967742,-0.7228813559322034,1782.3725806451614,22.773728813559323,29.273870967741935,10.492903225806453,21.280645161290323,15.753709677419355,25.42516129032258,42834,8.879999999999999,1,90.94625282287598,98.5529073079427,1.0823351801373065,1.182506020575141,0,1,0
HR,manufacturing,2020,241.49051724137934,141.49051724137934,13.360322580645162,4.194426229508197,2457.172419354839,21.6325,31.33467741935484,11.84032258064516,22.456935483870968,16.225,24.356774193548386,44487,6.96,0,77.29380416870117,90.94625282287598,0.8576027835253625,1.0823351801373065,0,0,1
HR,services,2014,426.65700000000004,326.657,12.353548387096774,-0.3266666666666662,663.3087096774193,40.20709677419355,26.684516129032257,10.986774193548387,11.391290322580645,14.079677419354837,16.230645161290322,119332,8.747142857142856,0,100.29158528645831,83.03660519917806,1.1619849940637748,0.9854357274497548,0,0,0
HR,services,2015,340.90933333333334,240.90933333333334,12.712580645161289,4.919999999999999,826.5396774193548,27.860967741935486,27.43032258064516,11.938387096774193,11.171935483870968,13.258709677419356,14.939677419354839,121772,9.4,0,105.95364507039388,100.29158528645831,1.26245274397855,1.1619849940637748,0,0,0
HR,services,2016,476.82533333333333,376.82533333333333,12.881612903225806,6.110322580645161,948.8625806451613,23.959032258064518,27.871935483870967,12.478709677419356,10.839354838709676,12.826451612903226,14.249354838709678,124552,9.674285714285714,0,98.6786880493164,105.95364507039388,1.164756457172334,1.26245274397855,0,1,0
HR,services,2017,348.87100000000004,248.871,13.258064516129032,-4.244838709677419,1102.8251612903227,26.379032258064516,28.114838709677418,12.679677419354839,10.999032258064517,12.458387096774192,13.985806451612904,135901,10.28,1,107.37731170654295,98.6786880493164,1.3463741081828873,1.164756457172334,0,1,0
HR,services,2018,323.722,223.722,13.523548387096774,6.0925806451612905,1489.5351612903225,15.334516129032258,27.788387096774194,12.529032258064515,10.531935483870969,11.956774193548386,13.116774193548387,145524,11.165714285714285,1,98.5529073079427,107.37731170654295,1.340428413009892,1.3463741081828873,0,1,0
HR,services,2019,296.18709677419355,196.18709677419355,13.99258064516129,5.354838709677419,1521.3638709677418,15.518387096774193,27.97290322580645,12.790967741935484,10.337419354838708,11.488387096774193,12.943870967741935,155138,14.51142857142857,1,90.94625282287598,98.5529073079427,1.2353841087408364,1.340428413009892,0,1,0
HR,services,2020,276.6006451612903,176.60064516129032,15.611612903225806,6.5089999999999995,1556.5735483870967,185.8,29.88806451612903,10.595806451612905,11.567096774193548,12.740322580645161,14.286451612903226,161175,10.049999999999999,0,77.29380416870117,90.94625282287598,0.9623366277789076,1.2353841087408364,0,0,1
HU,construction,2016,258.5261538461539,158.52615384615385,19.641538461538463,7.62,3347.623846153846,5.218461538461539,21.28923076923077,8.552307692307693,10.0,22.36,20.691538461538464,140970,12.52,1,98.6786880493164,105.95364507039388,0.791875648982823,0.8734492703558256,0,1,0
HU,construction,2017,304.5814285714286,204.58142857142857,21.13,9.032142857142857,6163.953846153846,2.9046153846153846,21.34357142857143,10.11923076923077,10.352857142857143,21.564285714285713,19.17571428571429,143184,17.41,1,107.37731170654295,98.6786880493164,0.84791637485226,0.791875648982823,0,1,0
HU,construction,2018,302.70866666666666,202.7086666666667,20.224666666666668,7.534666666666666,9265.066666666668,2.7753497435897434,19.734666666666666,10.193333333333333,9.927999999999999,19.77,17.005333333333333,146644,18.01,1,98.5529073079427,107.37731170654295,0.9172852795571088,0.84791637485226,0,1,0
HU,construction,2019,262.88800000000003,162.888,21.138199999999998,5.964666666666667,7085.205333333333,2.7753497435897434,21.302000000000003,11.979333333333333,8.316666666666666,18.432000000000002,15.26,153730,17.26,0,90.94625282287598,98.5529073079427,0.8187635352959236,0.9172852795571088,0,1,0
HU,construction,2020,266.04466666666667,166.04466666666667,21.138199999999998,9.903333333333334,6315.148666666666,2.7753497435897434,21.522666666666666,11.474666666666668,7.772666666666667,19.653333333333332,16.390666666666668,159724,13.43,0,77.29380416870117,90.94625282287598,0.6530395732199152,0.8187635352959236,0,0,1
HU,manufacturing,2016,202.9841818181818,102.98418181818182,10.95890909090909,6.743454545454545,2679.6158,4.849454545454545,27.898363636363637,10.383090909090908,15.212909090909092,13.930727272727273,12.787636363636365,113554,7.65,1,98.6786880493164,105.95364507039388,1.0219491840836905,1.0973250161592538,0,1,0
HU,manufacturing,2017,199.22321428571428,99.22321428571429,10.625357142857142,6.910357142857143,2886.016730769231,4.740909090909091,28.52509090909091,10.455818181818183,15.703392857142857,14.004107142857142,13.112321428571429,114453,9.14,1,107.37731170654295,98.6786880493164,1.1876345252183578,1.0219491840836905,0,1,0
HU,manufacturing,2018,196.67035087719296,96.67035087719299,10.308275862068966,7.038571428571429,3033.675192307692,4.466545454545455,28.63103448275862,9.966181818181818,15.804827586206896,14.17448275862069,13.248275862068965,112660,9.585,1,98.5529073079427,107.37731170654295,1.182506020575141,1.1876345252183578,0,1,0
HU,manufacturing,2019,198.26232142857143,98.26232142857143,10.489655172413793,10.293508771929824,2833.198653846154,5.100357142857143,28.88298245614035,10.223749999999999,16.294655172413794,13.25,13.682586206896552,111343,8.844999999999999,0,90.94625282287598,98.5529073079427,1.0823351801373065,1.182506020575141,0,1,0
HU,manufacturing,2020,208.19454545454548,108.19454545454545,12.364912280701754,10.446909090909092,2586.8167307692306,7.385272727272727,29.219298245614034,10.804363636363636,16.867368421052632,14.086666666666668,13.334736842105263,109605,8.274999999999999,0,77.29380416870117,90.94625282287598,0.8576027835253625,1.0823351801373065,0,0,1
HU,services,2016,258.45366666666666,158.45366666666666,11.751666666666667,8.203666666666667,2521.7663333333335,6.404333333333333,21.979666666666667,8.719333333333333,8.35,12.585666666666667,12.894,534412,10.950000000000001,1,98.6786880493164,105.95364507039388,1.164756457172334,1.26245274397855,0,1,0
HU,services,2017,248.70741935483872,148.70741935483872,11.959999999999999,6.395806451612904,2717.4946666666665,5.086129032258064,23.218709677419355,9.485483870967743,8.115806451612903,12.682903225806452,12.470645161290323,532444,13.432857142857143,1,107.37731170654295,98.6786880493164,1.3463741081828873,1.164756457172334,0,1,0
HU,services,2018,242.48129032258063,142.48129032258063,11.850322580645162,7.291612903225806,3564.001333333333,4.331290322580646,24.866451612903226,11.231612903225807,8.380967741935484,12.69483870967742,12.620967741935484,522723,12.99,1,98.5529073079427,107.37731170654295,1.340428413009892,1.3463741081828873,0,1,0
HU,services,2019,241.78225806451613,141.78225806451613,12.22709677419355,10.128064516129033,3185.0303333333336,4.717096774193548,23.838709677419356,9.854193548387098,8.32516129032258,12.583548387096773,12.27774193548387,517884,12.37857142857143,0,90.94625282287598,98.5529073079427,1.2353841087408364,1.340428413009892,0,1,0
HU,services,2020,259.42870967741936,159.42870967741936,15.233225806451614,11.491724137931033,2946.29724137931,6.103103448275863,22.829666666666665,8.74551724137931,8.588709677419354,12.36483870967742,12.192580645161291,509671,11.290000000000001,0,77.29380416870117,90.94625282287598,0.9623366277789076,1.2353841087408364,0,0,1
IT,construction,2010,524.323125,424.323125,5.675,9.90125,418.8975,30.82375,23.693125,7.101875,48.98,48.795,39.181875,350016,8.11,0,84.17017555236816,83.1018575032552,0.6363041488608967,0.5987928271790346,0,0,0
IT,construction,2011,529.7675,429.7675,5.485625,8.083125,378.70187500000003,33.15375,23.250625,6.9375,47.98375,49.9675,40.426875,350616,7.09,0,90.0953877766927,84.17017555236816,0.6795143020292745,0.6363041488608967,0,0,0
IT,construction,2012,527.516875,427.516875,5.804375,14.733125,341.278125,41.370625000000004,24.0,6.6118749999999995,50.7425,50.43591458333336,41.77035625000005,343064,7.48,0,81.47523371378581,90.0953877766927,0.6253015484583254,0.6795143020292745,0,0,0
IT,construction,2013,506.57937499999997,406.579375,6.148125,10.43625,317.699375,40.560625,24.63375,6.593125,52.894375,50.43591458333336,41.77035625000005,328248,7.5,0,83.03660519917806,81.47523371378581,0.670008451458222,0.6253015484583254,0,0,0
IT,construction,2014,481.486875,381.486875,6.7387500000000005,8.99,344.094375,38.479375,25.2575,6.86875,47.455625,50.43591458333336,41.0075,314944,7.24,0,100.29158528645831,83.03660519917806,0.8475052869568268,0.670008451458222,0,0,0
IT,construction,2015,447.369375,347.369375,7.935625,7.87125,436.39187499999997,29.041875,26.25875,7.49,44.38625,50.43591458333336,39.336875,292828,7.33,0,105.95364507039388,100.29158528645831,0.8734492703558256,0.8475052869568268,0,0,0
IT,construction,2016,435.776875,335.776875,8.283125,11.185,485.034375,29.043125,26.965625000000003,7.76,43.18,49.810625,37.57875,285604,7.72,1,98.6786880493164,105.95364507039388,0.791875648982823,0.8734492703558256,0,1,0
IT,construction,2017,435.20625,335.20625,8.535625,13.92625,581.7025,24.70875,26.409375,7.55625,44.82625,47.756875,37.778125,298384,7.5,0,107.37731170654295,98.6786880493164,0.84791637485226,0.791875648982823,0,1,0
IT,construction,2018,400.56,300.56,9.261875,10.39125,660.8525,22.135625,26.77,7.52875,41.62625,46.185,35.863125,320154,7.61,0,98.5529073079427,107.37731170654295,0.9172852795571088,0.84791637485226,0,1,0
IT,construction,2019,374.37125,274.37125,10.665,13.35875,795.3681250000001,18.921875,27.0025,7.98625,36.498125,42.806875,34.25625,250738,8.21,1,90.94625282287598,98.5529073079427,0.8187635352959236,0.9172852795571088,0,1,0
IT,construction,2020,346.919375,246.919375,12.279375,10.48375,736.855625,23.746875,26.458125,7.58625,39.71625,46.499375,35.961875,288928,7.7,0,77.29380416870117,90.94625282287598,0.6530395732199152,0.8187635352959236,0,0,1
IT,manufacturing,2010,321.5578947368421,221.55789473684212,6.670131578947369,6.896184210526316,656.3593421052632,20.05013157894737,24.643815789473685,7.497236842105263,19.188684210526315,34.34394736842105,24.95171052631579,393175,4.795,0,84.17017555236816,83.1018575032552,0.8239942978074152,0.8144665918250878,0,0,0
IT,manufacturing,2011,327.7421052631579,227.74210526315792,6.455,7.712236842105263,592.2088157894738,23.10671052631579,23.900000000000002,7.158684210526315,18.979342105263157,33.30144736842105,24.153026315789475,394544,4.73,0,90.0953877766927,84.17017555236816,0.8510926116482974,0.8239942978074152,0,0,0
IT,manufacturing,2012,317.4094736842105,217.40947368421052,6.945131578947369,9.30842105263158,535.5418421052632,30.29328947368421,24.000657894736843,6.7280263157894735,19.117631578947368,32.74013157894737,23.93894736842105,391882,4.805,1,81.47523371378581,90.0953877766927,0.7813741859281436,0.8510926116482974,0,0,0
IT,manufacturing,2013,307.7476315789474,207.74763157894736,7.501842105263158,14.023552631578946,634.9007894736842,23.211199999999998,24.81421052631579,7.343947368421053,18.86092105263158,32.69684210526316,23.879736842105263,385868,4.744999999999999,0,83.03660519917806,81.47523371378581,0.836111462021557,0.7813741859281436,0,0,0
IT,manufacturing,2014,297.6926315789474,197.69263157894736,8.363552631578948,7.373066666666667,718.2794736842105,18.640533333333334,25.574473684210528,8.091184210526315,18.58078947368421,31.346184210526314,22.51907894736842,381692,4.65,0,100.29158528645831,83.03660519917806,1.008006654403483,0.836111462021557,0,0,0
IT,manufacturing,2015,284.5436842105263,184.54368421052632,9.38328947368421,6.606184210526315,929.1873684210527,14.370657894736842,26.098552631578947,8.693947368421053,18.23078947368421,30.160526315789472,21.639868421052633,372218,4.895,1,105.95364507039388,100.29158528645831,1.0973250161592538,1.008006654403483,0,0,0
IT,manufacturing,2016,275.63605263157893,175.63605263157896,10.446184210526315,7.468133333333333,1088.299605263158,11.612567567567568,26.492236842105264,8.759736842105264,18.070131578947368,29.8153947368421,20.97328947368421,370982,5.035,1,98.6786880493164,105.95364507039388,1.0219491840836905,1.0973250161592538,0,1,0
IT,manufacturing,2017,272.1222368421053,172.12223684210525,10.842105263157896,10.383333333333333,1249.2251315789474,9.937972972972972,26.53276315789474,8.887368421052631,18.146052631578947,29.074605263157896,21.111052631578946,377371,4.75,0,107.37731170654295,98.6786880493164,1.1876345252183578,1.0219491840836905,0,1,0
IT,manufacturing,2018,269.3081578947369,169.30815789473684,10.920263157894738,7.774594594594594,1298.4481578947368,9.34918918918919,26.289736842105263,8.644605263157894,18.408157894736842,27.717105263157894,20.68697368421053,388620,4.58,0,98.5529073079427,107.37731170654295,1.182506020575141,1.1876345252183578,0,1,0
IT,manufacturing,2019,245.28513157894736,145.28513157894736,11.696578947368423,7.104868421052632,1396.7005263157896,9.03171052631579,26.79671052631579,8.919868421052632,18.574473684210528,26.535131578947368,19.670263157894738,339609,4.6899999999999995,0,90.94625282287598,98.5529073079427,1.0823351801373065,1.182506020575141,0,1,0
IT,manufacturing,2020,233.27631578947367,133.27631578947367,14.137368421052633,7.130533333333333,1279.325,10.670666666666666,27.021973684210526,8.841973684210526,20.132763157894736,28.53223684210526,21.595657894736842,358003,3.835,0,77.29380416870117,90.94625282287598,0.8576027835253625,1.0823351801373065,0,0,1
IT,services,2010,388.380625,288.380625,7.1834375,8.024375000000001,525.4675,30.61375,24.689375,6.6628125,10.2578125,25.1034375,21.6290625,770738,7.264285714285714,0,84.17017555236816,83.1018575032552,0.9760943610966204,0.9662684659908214,0,0,0
IT,services,2011,399.1125,299.1125,7.0434375,9.32,463.520625,35.8975,24.4759375,6.39,10.4953125,25.4040625,21.8778125,784931,7.314285714285715,0,90.0953877766927,84.17017555236816,1.0106740053929388,0.9760943610966204,0,0,0
IT,services,2012,403.36,303.36,7.076875,11.308709677419355,403.0415625,52.61612903225806,24.3075,5.8637500000000005,10.3340625,25.456875,21.5578125,795213,7.805714285714286,1,81.47523371378581,90.0953877766927,0.919750998634845,1.0106740053929388,0,0,0
IT,services,2013,380.7015625,280.7015625,7.789375,9.2546875,457.6253125,36.57625,25.10875,6.321875,10.0059375,25.001875,21.1934375,792601,7.838571428571429,1,83.03660519917806,81.47523371378581,0.9854357274497548,0.919750998634845,0,0,0
IT,services,2014,373.6525,273.6525,8.5728125,7.505625,527.3084375,26.546875,25.3446875,6.66625,10.058125,23.8625,19.895625,790840,8.198571428571428,1,100.29158528645831,83.03660519917806,1.1619849940637748,0.9854357274497548,0,0,0
IT,services,2015,356.2390625,256.2390625,9.14625,7.0253125,680.0678125,18.7746875,25.795625,7.265,10.0003125,22.8171875,19.2053125,762089,8.414285714285715,1,105.95364507039388,100.29158528645831,1.26245274397855,1.1619849940637748,0,0,0
IT,services,2016,348.0284375,248.0284375,9.678749999999999,6.6415625,805.4378125000001,15.63875,26.179375,7.3453125,10.0053125,21.8946875,18.5625,764714,8.778571428571428,1,98.6786880493164,105.95364507039388,1.164756457172334,1.26245274397855,0,1,0
IT,services,2017,342.0590625,242.0590625,10.1309375,6.8853125,893.3246875,14.089375,26.2921875,7.314375,10.09125,21.2859375,18.3465625,796418,8.142857142857142,0,107.37731170654295,98.6786880493164,1.3463741081828873,1.164756457172334,0,1,0
IT,services,2018,338.80875,238.80875,10.375,9.1096875,889.0475,15.1484375,26.5715625,7.399375,10.0828125,21.23875,17.884687500000002,850992,8.09142857142857,0,98.5529073079427,107.37731170654295,1.340428413009892,1.3463741081828873,0,1,0
IT,services,2019,320.6025,220.6025,10.7690625,6.50875,992.62375,12.76375,26.888749999999998,7.6703125,9.980625,20.5878125,17.5040625,682550,8.290000000000001,0,90.94625282287598,98.5529073079427,1.2353841087408364,1.340428413009892,0,1,0
IT,services,2020,301.8834375,201.8834375,13.2,7.99125,884.18875,21.6915625,27.2203125,6.703125,10.63625,22.576875,18.4778125,754137,7.077142857142857,0,77.29380416870117,90.94625282287598,0.9623366277789076,1.2353841087408364,0,0,1
LU,construction,2011,1052.1399999999999,952.14,8.147499999999999,-20.111011282051283,1018.9591666666666,60.88166666666667,37.594166666666666,8.669166666666667,49.13166666666667,22.38,13.907499999999999,1284,8.5,0,90.0953877766927,84.17017555236816,0.6795143020292745,0.6363041488608967,0,0,0
LU,construction,2012,736.8277777777778,636.8277777777778,9.582727272727272,8.04,995.84,53.959999999999994,40.03727272727273,10.458181818181819,46.156363636363636,22.02090909090909,14.306363636363637,1302,8.67,0,81.47523371378581,90.0953877766927,0.6253015484583254,0.6795143020292745,0,0,0
LU,construction,2013,500.72999999999996,400.7311111111111,10.090909090909092,14.565454545454545,1256.2,49.34090909090909,38.665454545454544,9.629090909090909,50.16909090909091,21.60909090909091,12.903636363636364,1352,9.05,1,83.03660519917806,81.47523371378581,0.670008451458222,0.6253015484583254,0,0,0
LU,construction,2014,330.91375,230.91375,11.639166666666666,0.19333333333333336,1860.4558333333334,44.303333333333335,37.32833333333333,10.633333333333333,52.43666666666667,21.22,11.265,1354,9.28,1,100.29158528645831,83.03660519917806,0.8475052869568268,0.670008451458222,0,0,0
LU,construction,2015,433.92375,333.92375,11.975454545454545,-20.111011282051283,1705.3818181818183,79.22272727272728,38.96545454545455,11.367272727272727,48.592727272727274,24.611818181818183,13.134545454545453,980,8.43,0,105.95364507039388,100.29158528645831,0.8734492703558256,0.8475052869568268,0,0,0
LU,construction,2016,304.2658333333333,204.26583333333335,13.341666666666667,24.412727272727274,1476.9518181818182,12.63090909090909,38.93090909090909,9.562727272727273,51.91636363636364,20.349999999999998,11.303636363636365,13306,9.24,1,98.6786880493164,105.95364507039388,0.791875648982823,0.8734492703558256,0,1,0
LU,construction,2017,293.255,193.255,12.1025,19.089000000000002,1360.028,21.907999999999998,37.024,8.025,59.21,18.368000000000002,18.151,14040,10.05,1,107.37731170654295,98.6786880493164,0.84791637485226,0.791875648982823,0,1,0
LU,construction,2018,273.3809090909091,173.38090909090909,14.031818181818181,15.484444444444442,970.8366666666667,13.78875,33.82111111111111,6.303333333333334,89.39029166666673,19.19666666666667,17.365555555555556,14478,9.95,1,98.5529073079427,107.37731170654295,0.9172852795571088,0.84791637485226,0,1,0
LU,construction,2019,283.2216666666667,183.2216666666667,13.781666666666666,23.73,1420.3936363636365,19.329,38.97545454545455,10.229090909090909,62.08454545454545,21.145454545454545,16.864545454545453,15374,10.0,1,90.94625282287598,98.5529073079427,0.8187635352959236,0.9172852795571088,0,1,0
LU,construction,2020,275.69153846153847,175.69153846153844,13.053846153846154,21.477272727272727,1539.3927272727271,21.579090909090908,38.482727272727274,10.19,60.18363636363636,22.461818181818185,21.913636363636364,16356,8.91,0,77.29380416870117,90.94625282287598,0.6530395732199152,0.8187635352959236,0,0,1
LU,manufacturing,2011,213.74615384615385,113.74615384615385,11.30076923076923,-20.111011282051283,999.1576923076923,32.257777777777775,18.059819628647215,3.1634066666666665,12.967692307692309,15.473076923076924,41.77035625000005,390,3.395,0,90.0953877766927,84.17017555236816,0.8510926116482974,0.8239942978074152,0,0,0
LU,manufacturing,2012,191.34909090909093,91.34909090909092,8.909090909090908,46.36545454545455,1932.2181818181818,137.2825,24.361818181818183,3.1634066666666665,15.200909090909091,14.712727272727273,13.204545454545455,396,4.35,0,81.47523371378581,90.0953877766927,0.7813741859281436,0.8510926116482974,0,0,0
LU,manufacturing,2013,279.409,179.40900000000002,10.384545454545453,15.543333333333331,1124.7554545454548,369.87300000000005,29.963636363636365,5.717272727272728,16.64,10.91909090909091,10.23,396,5.695,1,83.03660519917806,81.47523371378581,0.836111462021557,0.7813741859281436,0,0,0
LU,manufacturing,2014,198.473,98.473,9.94,12.067272727272728,1654.838181818182,35.78636363636363,31.997272727272726,8.136363636363637,16.433636363636364,11.185454545454546,10.544545454545455,406,3.89,0,100.29158528645831,83.03660519917806,1.008006654403483,0.836111462021557,0,0,0
LU,manufacturing,2015,188.86497066666666,88.86497066666666,6.097272727272727,15.793636363636365,2391.1827272727273,28.803636363636368,41.15060909090916,15.19181818181818,14.015454545454544,9.265454545454546,8.753636363636362,323,3.73,0,105.95364507039388,100.29158528645831,1.0973250161592538,1.008006654403483,0,0,0
LU,manufacturing,2016,280.88875,180.88875,10.506333333333334,41.47444444444445,1795.6625000000001,8.0,31.484444444444446,7.779999999999999,17.544444444444444,11.135555555555555,9.307777777777778,1944,5.145,1,98.6786880493164,105.95364507039388,1.0219491840836905,1.0973250161592538,0,1,0
LU,manufacturing,2017,334.51363636363635,234.51363636363638,9.353214285714285,29.03,1404.671111111111,14.562222222222223,35.711,8.483,12.259,12.492,10.98,1961,4.31,0,107.37731170654295,98.6786880493164,1.1876345252183578,1.0219491840836905,0,1,0
LU,manufacturing,2018,194.56428571428572,94.56428571428572,9.283333333333333,14.532222222222222,5634.5025000000005,14.918888888888887,32.97666666666667,8.355555555555556,13.67111111111111,9.528888888888888,9.676666666666668,1933,4.215,0,98.5529073079427,107.37731170654295,1.182506020575141,1.1876345252183578,0,1,0
LU,manufacturing,2019,193.8452380952381,93.8452380952381,10.036,38.54571428571428,3045.062857142857,287.87857142857143,33.27333333333333,8.164444444444445,14.214444444444446,8.714444444444444,8.574444444444445,2008,3.51,0,90.94625282287598,98.5529073079427,1.0823351801373065,1.182506020575141,0,1,0
LU,manufacturing,2020,188.86497066666666,88.86497066666666,12.082142857142857,20.54625,7606.75125,20.0625,29.776666666666667,10.071111111111112,14.491111111111113,10.851111111111111,8.591111111111111,2009,4.59,1,77.29380416870117,90.94625282287598,0.8576027835253625,1.0823351801373065,0,0,1
LU,services,2011,710.9803333333333,610.9806666666666,8.78967741935484,29.051935483870967,1775.2336666666667,203.9646666666667,33.76451612903226,16.140645161290323,6.909677419354838,9.918387096774193,9.474838709677421,4681,10.28,1,90.0953877766927,84.17017555236816,1.0106740053929388,0.9760943610966204,0,0,0
LU,services,2012,598.9453571428572,498.9453571428571,9.404516129032258,38.68774193548387,1867.3667741935483,187.6575,27.143870967741936,9.206774193548387,10.345161290322581,10.34741935483871,10.173870967741935,4820,10.328571428571427,1,81.47523371378581,90.0953877766927,0.919750998634845,1.0106740053929388,0,0,0
LU,services,2013,442.62466666666666,342.62466666666666,10.28516129032258,29.297777777777778,926.6958064516128,394.6479892857147,31.879677419354838,13.769032258064515,8.543548387096775,10.198064516129032,10.230645161290322,5030,10.299999999999999,1,83.03660519917806,81.47523371378581,0.9854357274497548,0.919750998634845,0,0,0
LU,services,2014,361.7503448275862,261.7503448275862,9.570322580645161,-20.111011282051283,1412.5564516129032,387.24499999999995,41.15060909090916,18.119723978494743,6.909032258064516,10.475806451612904,9.171935483870968,4976,10.489999999999998,1,100.29158528645831,83.03660519917806,1.1619849940637748,0.9854357274497548,0,0,0
LU,services,2015,280.55607142857144,180.5560714285714,7.693333333333333,30.059655172413795,1098.7941379310344,203.70444444444442,39.59,18.119723978494743,8.710333333333333,10.982333333333335,10.674666666666667,3579,10.192857142857141,0,105.95364507039388,100.29158528645831,1.26245274397855,1.1619849940637748,0,0,0
LU,services,2016,257.5703448275862,157.5703448275862,6.908666666666666,30.082666666666668,2180.737666666667,11.901785714285714,41.15060909090916,18.119723978494743,6.256333333333333,9.256333333333334,9.123666666666667,34993,9.428571428571429,0,98.6786880493164,105.95364507039388,1.164756457172334,1.26245274397855,0,1,0
LU,services,2017,279.308,179.308,6.442333333333334,29.68846153846154,1417.0366666666666,394.6479892857147,28.616333333333333,11.255333333333333,6.247333333333333,9.597333333333333,41.77035625000005,36224,9.344285714285714,0,107.37731170654295,98.6786880493164,1.3463741081828873,1.164756457172334,0,1,0
LU,services,2018,270.7,170.7,6.789666666666666,54.165333333333336,3465.9296666666664,128.2188888888889,31.154333333333334,12.499666666666666,12.431666666666667,8.480666666666666,9.929666666666666,36960,9.068571428571428,0,98.5529073079427,107.37731170654295,1.340428413009892,1.3463741081828873,0,1,0
LU,services,2019,268.11466666666666,168.1146666666667,7.20483870967742,44.57629629629629,2610.7419354838707,394.6479892857147,41.15060909090916,18.119723978494743,8.386774193548387,8.361290322580645,11.036774193548387,37708,9.15857142857143,0,90.94625282287598,98.5529073079427,1.2353841087408364,1.340428413009892,0,1,0
LU,services,2020,259.43033333333335,159.43033333333332,8.627999999999998,48.074999999999996,1316.4763333333333,204.21464285714288,32.539,12.230666666666668,7.83,10.071666666666665,10.470666666666666,38250,7.5842857142857145,0,77.29380416870117,90.94625282287598,0.9623366277789076,1.2353841087408364,0,0,1
PL,construction,2010,259.730625,159.730625,17.585,4.7825,1158.55875,18.95125,25.554375,8.98875,13.6875,18.493125,16.76125,20258,15.99,0,84.17017555236816,83.1018575032552,0.6363041488608967,0.5987928271790346,0,0,0
PL,construction,2011,292.329375,192.329375,14.70375,1.7056249999999997,862.31375,25.0625,23.216875,7.94875,12.945,19.5725,18.1975,19960,14.37,0,90.0953877766927,84.17017555236816,0.6795143020292745,0.6363041488608967,0,0,0
PL,construction,2012,327.635,227.635,14.92125,0.035000000000000364,502.338125,66.33625,22.20125,5.68375,13.618749999999999,19.656875,18.930625,19968,13.13,0,81.47523371378581,90.0953877766927,0.6253015484583254,0.6795143020292745,0,0,0
PL,construction,2013,291.684375,191.684375,15.3475,11.83125,567.541875,37.93625,23.13625,6.1,13.71,22.091875,19.879375,19424,13.81,0,83.03660519917806,81.47523371378581,0.670008451458222,0.6253015484583254,0,0,0
PL,construction,2014,342.120625,242.120625,15.691875,13.834375,960.834375,27.38,22.733125,7.3325,12.286875,20.74875,18.37875,18770,14.43,1,100.29158528645831,83.03660519917806,0.8475052869568268,0.670008451458222,0,0,0
PL,construction,2015,296.023125,196.023125,19.573125,13.965625,1349.38125,23.87875,23.146875,8.01875,11.64625,18.565,16.55,18242,14.97,1,105.95364507039388,100.29158528645831,0.8734492703558256,0.8475052869568268,0,0,0
PL,construction,2016,270.45375,170.45375,17.620625,13.345625,1403.121875,20.454375,25.231875,8.549375,13.14125,21.6775,17.77625,18312,15.96,1,98.6786880493164,105.95364507039388,0.791875648982823,0.8734492703558256,0,1,0
PL,construction,2017,257.341875,157.34187500000002,16.975625,6.875624999999999,1334.65625,16.19375,23.496875,7.523125,13.193125,20.5375,16.930625,16968,16.65,1,107.37731170654295,98.6786880493164,0.84791637485226,0.791875648982823,0,1,0
PL,construction,2018,255.27625,155.27625,16.708125,7.690625000000001,1598.12625,14.573125000000001,23.46,8.359375,12.71875,18.801875,15.2025,16484,18.72,1,98.5529073079427,107.37731170654295,0.9172852795571088,0.84791637485226,0,1,0
PL,construction,2019,246.53562499999998,146.535625,18.223125,5.6825,1805.08625,10.913125,25.298125,9.2825,13.574375,19.491875,15.44375,16406,19.01,1,90.94625282287598,98.5529073079427,0.8187635352959236,0.9172852795571088,0,1,0
PL,construction,2020,255.726875,155.726875,21.138199999999998,3.60875,2536.6325,11.14,26.181875,9.80375,13.394375,19.29625,15.529375,16682,15.42,0,77.29380416870117,90.94625282287598,0.6530395732199152,0.8187635352959236,0,0,1
PL,manufacturing,2010,203.42493150684933,103.42534246575343,9.872266666666667,4.4216,1254.3584,21.21493333333333,27.72,10.847333333333333,14.729866666666666,16.296666666666667,14.601199999999999,45183,11.545,1,84.17017555236816,83.1018575032552,0.8239942978074152,0.8144665918250878,0,0,0
PL,manufacturing,2011,207.2695945945946,107.2695945945946,9.357297297297299,-4.054324324324324,1087.7456756756758,27.873783783783782,26.662567567567567,10.582972972972973,14.918513513513513,16.11189189189189,14.372567567567566,44348,10.1,0,90.0953877766927,84.17017555236816,0.8510926116482974,0.8239942978074152,0,0,0
PL,manufacturing,2012,200.29986486486487,100.29986486486486,9.343513513513512,6.352567567567567,1066.8706756756756,21.787702702702703,25.66783783783784,9.72891891891892,14.593513513513514,15.230675675675675,12.791621621621623,44587,9.235,0,81.47523371378581,90.0953877766927,0.7813741859281436,0.8510926116482974,0,0,0
PL,manufacturing,2013,194.02513513513514,94.02513513513513,9.856891891891891,2.9204054054054054,1417.6012162162162,15.7,26.83621621621622,10.912162162162161,14.352027027027026,15.033378378378378,12.152567567567568,44858,9.774999999999999,0,83.03660519917806,81.47523371378581,0.836111462021557,0.7813741859281436,0,0,0
PL,manufacturing,2014,191.57813333333334,91.57813333333333,10.232800000000001,1.532027027027027,1823.234,29.4672,26.90373333333333,11.0432,14.936133333333334,14.764933333333332,12.098133333333333,45701,10.149999999999999,1,100.29158528645831,83.03660519917806,1.008006654403483,0.836111462021557,0,0,0
PL,manufacturing,2015,188.97933333333333,88.97933333333333,10.648533333333333,0.8980821917808219,2312.2785333333336,18.7788,27.174266666666664,11.111733333333333,15.102133333333335,14.640799999999999,11.8292,45269,9.83,0,105.95364507039388,100.29158528645831,1.0973250161592538,1.008006654403483,0,0,0
PL,manufacturing,2016,194.18146666666667,94.18146666666667,11.1168,2.9421333333333335,2225.7972,14.246,27.707866666666668,11.107199999999999,15.682400000000001,14.899466666666667,12.7344,45463,10.095,1,98.6786880493164,105.95364507039388,1.0219491840836905,1.0973250161592538,0,1,0
PL,manufacturing,2017,188.86497066666666,88.86497066666666,10.720266666666667,2.3110666666666666,2177.6297333333337,16.11918918918919,27.585866666666668,10.393733333333333,15.569066666666668,15.182533333333334,12.209733333333334,43911,10.215,1,107.37731170654295,98.6786880493164,1.1876345252183578,1.0219491840836905,0,1,0
PL,manufacturing,2018,189.57453333333333,89.57453333333333,10.451733333333333,1.6842666666666666,2821.826,11.649466666666667,28.366266666666665,10.627733333333333,15.759866666666667,14.65,12.090933333333334,42425,10.955,1,98.5529073079427,107.37731170654295,1.182506020575141,1.1876345252183578,0,1,0
PL,manufacturing,2019,188.86497066666666,88.86497066666666,11.413333333333334,0.1893333333333334,2179.3584,14.909733333333334,28.875466666666664,10.5552,15.548533333333332,14.5176,11.705599999999999,41810,10.335,0,90.94625282287598,98.5529073079427,1.0823351801373065,1.182506020575141,0,1,0
PL,manufacturing,2020,190.85108108108108,90.85108108108108,13.33027027027027,-10.73891891891892,2520.8314864864865,16.811216216216216,30.91891891891892,12.024189189189189,16.629324324324323,14.784189189189188,11.861216216216217,41506,8.325,0,77.29380416870117,90.94625282287598,0.8576027835253625,1.0823351801373065,0,0,1
PL,services,2010,234.61,134.61,11.616249999999999,4.88,949.39875,21.635625,27.154375,9.385625000000001,6.91875,12.34,11.6925,67457,14.785714285714286,1,84.17017555236816,83.1018575032552,0.9760943610966204,0.9662684659908214,0,0,0
PL,services,2011,243.8828125,143.8828125,10.848749999999999,-1.0456249999999998,828.8646875000001,28.0175,27.5746875,10.0225,7.3,11.5546875,11.5734375,66316,13.364285714285714,0,90.0953877766927,84.17017555236816,1.0106740053929388,0.9760943610966204,0,0,0
PL,services,2012,240.95875,140.95875,10.71375,8.84125,732.79,26.3159375,26.5071875,8.7725,7.324375,11.20625,11.478125,66297,12.527142857142858,0,81.47523371378581,90.0953877766927,0.919750998634845,1.0106740053929388,0,0,0
PL,services,2013,236.2109375,136.2109375,11.256875,4.728125,857.9506250000001,22.64125,26.4671875,8.8190625,7.2934375,11.1984375,10.8734375,68050,13.494285714285715,0,83.03660519917806,81.47523371378581,0.9854357274497548,0.919750998634845,0,0,0
PL,services,2014,237.9228125,137.9228125,11.41,3.6109375,958.3309375,22.155625,26.610937500000002,8.8209375,7.50875,10.906875,10.25125,69787,13.771428571428572,1,100.29158528645831,83.03660519917806,1.1619849940637748,0.9854357274497548,0,0,0
PL,services,2015,243.7565625,143.7565625,11.3375,2.479375,1192.279375,19.37625,27.001875,9.1559375,7.53125,11.021875,10.3525,68301,13.374285714285715,0,105.95364507039388,100.29158528645831,1.26245274397855,1.1619849940637748,0,0,0
PL,services,2016,251.4196875,151.4196875,11.53,2.7609375,1236.1109375,17.8990625,27.366875,9.3215625,7.7415625,11.369375,10.8290625,67813,13.26142857142857,0,98.6786880493164,105.95364507039388,1.164756457172334,1.26245274397855,0,1,0
PL,services,2017,253.235,153.235,11.7721875,4.2856250000000005,1317.4840625,16.8546875,27.570625,8.91125,7.821875,11.9290625,10.995625,65455,13.014285714285714,0,107.37731170654295,98.6786880493164,1.3463741081828873,1.164756457172334,0,1,0
PL,services,2018,247.14,147.14,12.10125,2.716875,1513.5384374999999,14.919062499999999,27.6315625,8.791875,7.8640625,11.45375,10.7221875,63099,14.027142857142858,1,98.5529073079427,107.37731170654295,1.340428413009892,1.3463741081828873,0,1,0
PL,services,2019,251.195,151.195,13.270625,3.7675,1548.693125,12.849375,28.036875,9.124375,8.0203125,11.603125,10.5753125,62331,12.942857142857141,0,90.94625282287598,98.5529073079427,1.2353841087408364,1.340428413009892,0,1,0
PL,services,2020,245.8759375,145.8759375,15.60375,-3.7670967741935484,1719.1821875,26.973225806451612,28.673125,8.316875,8.3015625,11.1475,10.791875,61363,10.325714285714286,0,77.29380416870117,90.94625282287598,0.9623366277789076,1.2353841087408364,0,0,1
PT,construction,2010,427.465,327.466875,6.52625,29.5875,323.3525,73.23625,25.064375,6.666875,56.09125,39.44375,30.170625,188728,8.18,0,84.17017555236816,83.1018575032552,0.6363041488608967,0.5987928271790346,0,0,0
PT,construction,2011,469.586875,369.586875,6.031875,20.648125,192.69444375,161.124375,25.408125,5.23875,62.196875,44.3425,33.453125,190326,8.26,0,90.0953877766927,84.17017555236816,0.6795143020292745,0.6363041488608967,0,0,0
PT,construction,2012,490.97416666666663,390.9741666666667,5.465148501953974,54.90191541666671,192.69444375,394.6479892857147,22.977500000000003,3.1634066666666665,89.39029166666673,50.12166666666667,39.722500000000004,185780,7.72,0,81.47523371378581,90.0953877766927,0.6253015484583254,0.6795143020292745,0,0,0
PT,construction,2013,686.74,586.74,5.985,50.059333333333335,195.8025,311.4421428571428,27.32375,4.958125,68.9175,47.90125,34.47875,176710,10.69,1,83.03660519917806,81.47523371378581,0.670008451458222,0.6253015484583254,0,0,0
PT,construction,2014,399.12466666666666,299.12466666666666,6.074375,54.069375,269.455625,247.6906666666667,27.995,5.61875,59.379999999999995,45.781875,33.74875,171998,10.88,1,100.29158528645831,83.03660519917806,0.8475052869568268,0.670008451458222,0,0,0
PT,construction,2015,378.61125,278.61125,6.93625,54.90191541666671,304.736875,235.23933333333332,27.17875,4.4675,50.944375,46.903125,33.899375,169910,11.9,1,105.95364507039388,100.29158528645831,0.8734492703558256,0.8475052869568268,0,0,0
PT,construction,2016,358.119375,258.119375,7.12375,36.640625,385.69437500000004,182.555625,29.02875,5.519375,44.54,47.126875,32.3975,168928,11.62,1,98.6786880493164,105.95364507039388,0.791875648982823,0.8734492703558256,0,1,0
PT,construction,2017,354.746875,254.746875,7.64,35.35375,445.93125,104.750625,29.311875,6.734375,38.01375,43.826875,31.576249999999998,169346,12.27,1,107.37731170654295,98.6786880493164,0.84791637485226,0.791875648982823,0,1,0
PT,construction,2018,336.31125000000003,236.31125,7.9875,33.590625,683.176875,70.25812499999999,29.894375,7.8025,36.613125,38.715625,30.48875,173240,13.3,1,98.5529073079427,107.37731170654295,0.9172852795571088,0.84791637485226,0,1,0
PT,construction,2019,312.52750000000003,212.5275,9.06125,28.668125,1008.49375,50.575625,30.598125,8.68875,33.068125,35.60375,27.8375,178318,13.29,1,90.94625282287598,98.5529073079427,0.8187635352959236,0.9172852795571088,0,1,0
PT,construction,2020,300.7375,200.73749999999998,10.74625,25.171875,1265.764375,37.38125,31.280625,9.191875,31.3475,32.94375,26.021875,189834,10.61,0,77.29380416870117,90.94625282287598,0.6530395732199152,0.8187635352959236,0,0,1
PT,manufacturing,2010,298.5910909090909,198.5921818181818,7.302545454545454,10.505272727272727,669.2476363636364,29.292545454545454,26.602727272727275,9.204545454545455,18.982181818181818,29.227999999999998,22.490181818181817,136282,6.205,0,84.17017555236816,83.1018575032552,0.8239942978074152,0.8144665918250878,0,0,0
PT,manufacturing,2011,295.6364150943396,195.6364150943396,6.348181818181818,11.827307692307691,454.4458181818182,42.38980392156863,24.746545454545455,6.703818181818181,20.605454545454545,28.104545454545455,21.514545454545452,137435,8.195,1,90.0953877766927,84.17017555236816,0.8510926116482974,0.8239942978074152,0,0,0
PT,manufacturing,2012,287.06636363636363,187.0669090909091,6.304181818181818,8.426909090909092,554.6690909090909,56.08236363636364,25.438909090909092,8.00509090909091,19.43618181818182,27.094545454545454,20.267636363636363,135755,7.795,1,81.47523371378581,90.0953877766927,0.7813741859281436,0.8510926116482974,0,0,0
PT,manufacturing,2013,288.2515873015873,188.2515873015873,7.759206349206349,8.255873015873016,693.2209523809523,32.67666666666667,26.07190476190476,8.72031746031746,18.82190476190476,26.883968253968256,20.351746031746032,132642,10.2,1,83.03660519917806,81.47523371378581,0.836111462021557,0.7813741859281436,0,0,0
PT,manufacturing,2014,281.0641791044776,181.0641791044776,8.371940298507463,8.208805970149253,706.464393939394,27.863731343283582,26.692985074626865,9.331492537313434,18.410597014925372,25.263731343283585,19.81149253731343,133195,9.915,1,100.29158528645831,83.03660519917806,1.008006654403483,0.836111462021557,0,0,0
PT,manufacturing,2015,266.7697014925373,166.76955223880597,8.289402985074627,8.874776119402986,1089.3532835820895,19.678656716417912,27.548358208955225,10.050895522388059,18.06059701492537,24.0689552238806,18.036567164179104,134557,9.92,0,105.95364507039388,100.29158528645831,1.0973250161592538,1.008006654403483,0,0,0
PT,manufacturing,2016,290.0942857142857,190.09428571428572,8.80734375,3.525625,1214.9327419354838,16.31359375,28.37875,10.8365625,17.72890625,24.6978125,18.31984375,136115,10.43,1,98.6786880493164,105.95364507039388,1.0219491840836905,1.0973250161592538,0,1,0
PT,manufacturing,2017,264.5716417910448,164.57164179104475,8.566176470588236,5.953676470588235,1488.1216417910448,15.511323529411765,28.2225,10.595,17.71308823529412,24.203676470588235,18.178088235294116,136999,8.435,0,107.37731170654295,98.6786880493164,1.1876345252183578,1.0219491840836905,0,1,0
PT,manufacturing,2018,268.660447761194,168.66044776119404,8.79985294117647,8.343970588235294,1519.6207462686566,13.4225,27.929117647058824,9.817941176470589,18.307058823529413,23.16470588235294,17.673235294117646,137965,8.899999999999999,0,98.5529073079427,107.37731170654295,1.182506020575141,1.1876345252183578,0,1,0
PT,manufacturing,2019,243.2075,143.2075,9.5225,4.4655555555555555,1505.1146031746032,18.00359375,28.68,9.921875,18.1146875,22.588124999999998,16.99890625,137453,8.295,0,90.94625282287598,98.5529073079427,1.0823351801373065,1.182506020575141,0,1,0
PT,manufacturing,2020,234.27921875,134.27921874999998,11.38515625,5.87921875,1677.6903174603176,15.863125,30.2346875,10.80859375,18.99296875,22.944375,17.2059375,137590,6.984999999999999,0,77.29380416870117,90.94625282287598,0.8576027835253625,1.0823351801373065,0,0,1
PT,services,2010,378.1371875,278.1396875,8.2640625,16.2646875,649.114375,33.993125,26.9096875,8.2309375,10.01875,19.75875,16.1934375,526884,12.65,0,84.17017555236816,83.1018575032552,0.9760943610966204,0.9662684659908214,0,0,0
PT,services,2011,403.57406249999997,303.575,7.291875,8.0903125,378.4478125,60.0409375,26.4653125,7.2703125,10.610625,20.571875,17.1165625,540795,13.644285714285713,0,90.0953877766927,84.17017555236816,1.0106740053929388,0.9760943610966204,0,0,0
PT,services,2012,421.223125,321.22375,7.579375,19.296451612903226,330.4609375,93.943,26.161875,6.7009375,10.9228125,20.7475,17.6853125,543661,13.491428571428571,1,81.47523371378581,90.0953877766927,0.919750998634845,1.0106740053929388,0,0,0
PT,services,2013,396.4459375,296.4465625,8.373125,11.0315625,443.199375,64.5259375,26.4715625,7.44375,10.2709375,20.1215625,17.121875,538675,15.005714285714285,1,83.03660519917806,81.47523371378581,0.9854357274497548,0.919750998634845,0,0,0
PT,services,2014,432.4965625,332.4965625,8.614375,7.998124999999999,505.6453125,41.210625,27.0425,8.1196875,9.8003125,19.415625,16.4853125,544911,15.14857142857143,1,100.29158528645831,83.03660519917806,1.1619849940637748,0.9854357274497548,0,0,0
PT,services,2015,442.0603125,342.0603125,8.5884375,13.8271875,626.8321875,28.140625,28.119062500000002,8.9284375,9.6734375,18.8034375,15.4896875,552406,16.38,1,105.95364507039388,100.29158528645831,1.26245274397855,1.1619849940637748,0,0,0
PT,services,2016,418.2728125,318.2728125,8.98375,13.94375,841.5384375,22.9765625,28.3546875,9.349375,9.7753125,18.344375,15.330625,561249,15.811428571428573,0,98.6786880493164,105.95364507039388,1.164756457172334,1.26245274397855,0,1,0
PT,services,2017,372.47375,272.47375,9.633125,14.106562499999999,1006.7809375,19.05625,28.335625,9.5696875,9.455,17.3296875,14.82375,568031,16.507142857142856,1,107.37731170654295,98.6786880493164,1.3463741081828873,1.164756457172334,0,1,0
PT,services,2018,359.43967741935484,259.43967741935484,10.311290322580644,12.153548387096773,1190.4477419354837,17.361612903225808,28.801290322580645,9.451612903225806,8.931612903225806,16.557096774193546,14.318709677419355,579048,17.47142857142857,1,98.5529073079427,107.37731170654295,1.340428413009892,1.3463741081828873,0,1,0
PT,services,2019,368.9325,268.9325,10.2596875,11.0715625,1082.9484375,16.323125,28.857499999999998,9.354687499999999,9.644375,15.96125,14.010937499999999,587978,18.157142857142855,1,90.94625282287598,98.5529073079427,1.2353841087408364,1.340428413009892,0,1,0
PT,services,2020,345.33875,245.33875,11.3884375,14.095172413793103,929.255625,33.62103448275862,29.5946875,6.4346875,10.8575,16.559375,14.8759375,614220,13.742857142857144,0,77.29380416870117,90.94625282287598,0.9623366277789076,1.2353841087408364,0,0,1
SK,construction,2010,365.0207142857143,265.0207142857143,11.566428571428572,-4.7700000000000005,1221.4414285714286,24.815714285714286,20.485000000000003,7.898571428571429,8.336428571428572,35.50857142857143,29.198571428571427,24778,13.53,0,84.17017555236816,83.1018575032552,0.6363041488608967,0.5987928271790346,0,0,0
SK,construction,2011,345.94928571428574,245.9492857142857,12.052857142857144,-2.54,916.1585714285713,27.099285714285713,18.24142857142857,6.539285714285714,6.059240952380952,35.309285714285714,28.55,26848,14.83,0,90.0953877766927,84.17017555236816,0.6795143020292745,0.6363041488608967,0,0,0
SK,construction,2012,384.6030769230769,284.6046153846154,11.476153846153846,2.4053846153846155,845.8461538461538,44.77153846153846,18.059819628647215,5.423846153846155,6.5746153846153845,37.63384615384616,30.736923076923077,30144,11.62,0,81.47523371378581,90.0953877766927,0.6253015484583254,0.6795143020292745,0,0,0
SK,construction,2013,324.4146153846154,224.4146153846154,13.55,7.233076923076923,626.2092307692308,76.9976923076923,18.059819628647215,4.967692307692308,9.00923076923077,37.44461538461538,32.88692307692308,36596,9.75,0,83.03660519917806,81.47523371378581,0.670008451458222,0.6253015484583254,0,0,0
SK,construction,2015,567.316,470.666,11.122,-2.582,1792.37,16.462,18.988,8.476,6.059240952380952,28.182,23.834,3024,10.75,0,105.95364507039388,100.29158528645831,0.8734492703558256,0.8475052869568268,0,0,0
SK,construction,2016,580.1718181818181,480.30454545454546,9.494545454545454,-4.906363636363636,1662.3427272727274,17.483636363636364,19.515454545454546,8.427272727272728,9.271818181818183,26.334545454545456,21.100909090909088,3360,12.34,0,98.6786880493164,105.95364507039388,0.791875648982823,0.8734492703558256,0,1,0
SK,construction,2017,529.0236363636363,432.1527272727273,7.79,-2.03,2017.0663636363636,13.591818181818182,19.703636363636363,8.888181818181819,10.99090909090909,28.08181818181818,23.64454545454545,3948,16.01,0,107.37731170654295,98.6786880493164,0.84791637485226,0.791875648982823,0,1,0
SK,construction,2018,664.4791666666666,565.1975,9.795833333333333,-2.4866666666666664,2236.0125000000003,14.794166666666667,19.766666666666666,8.324166666666667,6.059240952380952,28.755,21.9875,4188,15.45,1,98.5529073079427,107.37731170654295,0.9172852795571088,0.84791637485226,0,1,0
SK,construction,2019,549.1616666666666,449.16166666666663,11.946666666666667,-3.456666666666667,11753.339999999998,15.133333333333333,19.989166666666666,8.514166666666666,6.059240952380952,25.381666666666664,20.373333333333335,4340,14.99,0,90.94625282287598,98.5529073079427,0.8187635352959236,0.9172852795571088,0,1,0
SK,construction,2020,1065.6149916666675,965.6149916666675,9.919166666666667,-5.685833333333334,13209.005937588725,19.699166666666667,21.200833333333332,8.66,8.045,31.639166666666668,24.445833333333336,4286,11.68,0,77.29380416870117,90.94625282287598,0.6530395732199152,0.8187635352959236,0,0,1
SK,manufacturing,2010,298.38203703703704,198.382037037037,7.626296296296296,0.5409259259259259,1012.0807407407408,42.455740740740744,24.967222222222222,8.189444444444446,13.852037037037038,17.73462962962963,20.20740740740741,27406,9.995000000000001,0,84.17017555236816,83.1018575032552,0.8239942978074152,0.8144665918250878,0,0,0
SK,manufacturing,2011,273.8043859649123,173.80421052631579,6.851403508771929,0.6887719298245615,1002.6480701754386,25.742456140350875,24.354736842105265,8.101052631578947,13.091403508771931,17.04421052631579,17.574736842105263,28077,11.71,0,90.0953877766927,84.17017555236816,0.8510926116482974,0.8239942978074152,0,0,0
SK,manufacturing,2012,299.1872727272727,199.18745454545453,7.162727272727272,-13.68490909090909,963.5219999999999,28.96309090909091,24.18890909090909,7.402363636363637,13.509818181818181,17.20618181818182,17.7,29773,9.77,0,81.47523371378581,90.0953877766927,0.7813741859281436,0.8510926116482974,0,0,0
SK,manufacturing,2013,314.5083050847458,214.50830508474576,6.902372881355932,1.336949152542373,1076.9150847457627,2.7753497435897434,24.840677966101694,7.7013559322033895,13.911186440677966,17.84508474576271,18.348135593220338,34203,8.629999999999999,0,83.03660519917806,81.47523371378581,0.836111462021557,0.7813741859281436,0,0,0
SK,manufacturing,2015,398.3276,298.4854,5.465148501953974,-1.1952,2259.269347826087,14.8408,27.6,10.526,13.6264,15.671,14.708800000000002,5793,10.079999999999998,0,105.95364507039388,100.29158528645831,1.0973250161592538,1.008006654403483,0,0,0
SK,manufacturing,2016,469.7951020408163,369.9,5.746122448979592,-1.794081632653061,2065.3415217391303,9.961428571428572,28.784285714285716,10.965714285714286,14.121836734693877,15.788979591836734,14.088367346938776,6120,10.215,0,98.6786880493164,105.95364507039388,1.0219491840836905,1.0973250161592538,0,1,0
SK,manufacturing,2017,389.1195918367347,289.14428571428573,5.465148501953974,-0.6904081632653061,2289.633829787234,10.968775510204082,29.228775510204084,10.887755102040817,15.43265306122449,15.954285714285714,14.123061224489796,6615,13.975000000000001,0,107.37731170654295,98.6786880493164,1.1876345252183578,1.0219491840836905,0,1,0
SK,manufacturing,2018,380.2206382978723,280.7544680851064,5.485319148936171,-2.0793617021276596,2302.455111111111,11.30872340425532,29.507659574468082,10.247872340425532,15.425531914893616,16.47276595744681,14.565106382978723,6686,13.25,1,98.5529073079427,107.37731170654295,1.182506020575141,1.1876345252183578,0,1,0
SK,manufacturing,2019,774.3810638297873,674.3810638297872,5.465148501953974,-1.4195744680851063,13209.005937588725,10.157021276595744,30.002127659574466,10.3,15.613829787234042,14.17659574468085,13.089787234042554,6638,12.11,0,90.94625282287598,98.5529073079427,1.0823351801373065,1.182506020575141,0,1,0
SK,manufacturing,2020,1065.6149916666675,965.6149916666675,6.701489361702127,-2.0731914893617023,12000.15170212766,11.997234042553192,31.349787234042555,11.225957446808511,15.395957446808511,15.60276595744681,13.15468085106383,6231,9.39,0,77.29380416870117,90.94625282287598,0.8576027835253625,1.0823351801373065,0,0,1
SK,services,2010,380.47379310344826,280.4758620689655,9.77655172413793,0.42172413793103436,692.5320689655173,36.22034482758621,18.99310344827586,6.187931034482758,7.810689655172413,17.75758620689655,20.509310344827586,120372,14.772857142857143,0,84.17017555236816,83.1018575032552,0.9760943610966204,0.9662684659908214,0,0,0
SK,services,2011,363.22655172413795,263.2231034482759,9.906551724137932,-3.412068965517241,741.2313793103448,48.902068965517245,19.278620689655174,6.884827586206897,7.800689655172413,16.599999999999998,18.92862068965517,123808,16.032857142857143,0,90.0953877766927,84.17017555236816,1.0106740053929388,0.9760943610966204,0,0,0
SK,services,2012,378.4772413793103,278.4793103448276,9.862068965517242,1.1258620689655172,639.393103448276,48.97965517241379,18.159655172413792,6.255172413793104,8.137241379310344,16.61,18.93551724137931,135601,11.6,0,81.47523371378581,90.0953877766927,0.919750998634845,1.0106740053929388,0,0,0
SK,services,2013,405.4293103448276,305.4293103448276,10.062413793103449,0.42689655172413804,744.0320689655173,39.08241379310345,18.059819628647215,5.873793103448276,8.172413793103448,17.458965517241378,21.182413793103446,166642,11.844285714285714,0,83.03660519917806,81.47523371378581,0.9854357274497548,0.919750998634845,0,0,0
SK,services,2015,591.3062068965518,491.75,6.762758620689655,-3.263448275862069,1800.6307407407407,30.594827586206897,20.221724137931034,8.352758620689654,7.206551724137931,14.647586206896552,13.14,14649,13.33,0,105.95364507039388,100.29158528645831,1.26245274397855,1.1619849940637748,0,0,0
SK,services,2016,621.0028571428572,521.6021428571429,6.513571428571429,-2.450357142857143,1926.9740740740742,16.593214285714286,21.61392857142857,9.000357142857142,8.17607142857143,14.229642857142858,13.97642857142857,15797,11.23,0,98.6786880493164,105.95364507039388,1.164756457172334,1.26245274397855,0,1,0
SK,services,2017,621.5382142857143,523.595,6.519642857142857,-3.156428571428571,1915.5248148148148,16.538571428571426,21.065357142857145,8.704285714285714,8.463928571428571,14.451785714285714,13.47,17043,13.587142857142856,0,107.37731170654295,98.6786880493164,1.3463741081828873,1.164756457172334,0,1,0
SK,services,2018,570.9964285714285,479.7357142857143,6.877857142857144,-4.335357142857143,2041.8034615384615,15.696428571428571,21.951428571428572,9.000357142857142,8.672857142857143,13.691785714285714,12.718214285714286,17280,12.695714285714287,0,98.5529073079427,107.37731170654295,1.340428413009892,1.3463741081828873,0,1,0
SK,services,2019,914.4403448275863,814.4403448275863,7.0,-3.903103448275862,13209.005937588725,17.93344827586207,21.13241379310345,8.658620689655173,8.478620689655171,13.477586206896552,12.309655172413795,16489,12.6,0,90.94625282287598,98.5529073079427,1.2353841087408364,1.340428413009892,0,1,0
SK,services,2020,914.8021428571428,814.8021428571428,7.976785714285714,-3.1853571428571428,13209.005937588725,16.073214285714286,24.165357142857143,10.017857142857142,9.504285714285714,13.289642857142857,12.457857142857142,15493,11.209999999999999,0,77.29380416870117,90.94625282287598,0.9623366277789076,1.2353841087408364,0,0,1
